MANUFACTURER,BRAND,ITEM,ITEM_DESCRIPTION,CATEGORY,FORMAT,ATTR1,ATTR2,ATTR3
INDS. ALEN,CLORALEX,0000075000592,CLORALEX EL RENDIDOR BOT.PLAST. 250ML NAL. 0000075000592,1,LIQUIDO,CLORO,CLORO,NO DEFINIDO
INDS. ALEN,CLORALEX,0000075000608,CLORALEX EL RENDIDOR BOT.PLAST. 500ML NAL. 0000075000608,1,LIQUIDO,CLORO,CLORO,NO DEFINIDO
INDS. ALEN,CLORALEX,0000075000615,CLORALEX EL RENDIDOR BOT.PLAST. 950ML NAL. 0000075000615,1,LIQUIDO,CLORO,CLORO,NO DEFINIDO
INDS. ALEN,CLORALEX,0000075000622,CLORALEX EL RENDIDOR BOT.PLAST. 2000ML NAL 0000075000622,1,LIQUIDO,CLORO,CLORO,NO DEFINIDO
INDS. ALEN,CLORALEX,0000075000639,CLORALEX EL RENDIDOR BOT.PLAST. 3750ML NAL 0000075000639,1,LIQUIDO,CLORO,CLORO,NO DEFINIDO
INDS. ALEN,CLORALEX,0000075000646,CLORALEX FANTASIA FLORAL BOT PLAST 950ML NAL 0000075000646,1,LIQUIDO,CLORO,CLORO,OTR. TIPOS
INDS. ALEN,CLORALEX,0000075000653,CLORALEX FANTASIA FLORAL BOT PLAST 2000 ML NAL 0000075000653,1,LIQUIDO,CLORO,CLORO,OTR. TIPOS
INDS. ALEN,CLORALEX,0000075000677,CLORALEX FRESCURA CITRICA  BOT PLAST 950ML NAL 0000075000677,1,LIQUIDO,CLORO,CLORO,NO DEFINIDO
INDS. ALEN,CLORALEX,0000075000684,CLORALEX FRESCURA CITRICA BOT PLAST 2000ML NAL 0000075000684,1,LIQUIDO,CLORO,CLORO,NO DEFINIDO
QUIMICA GONCAL,PATITO,0000075010539,PATITO BOTELLA 245 ML. 0000075010539,1,LIQUIDO,CLORO,CLORO,OTR. TIPOS
RECKITT,LYSOL,0019200958714,LYSOL SANITIZANTE DE ROPA CRISP LINEN BOT 1.2 LT 0019200958714,1,LIQUIDO,SANITIZANTE,SANITIZANTE,SANITIZANTE
P&G,TIDE,0037000018704,9TIDE LIPIADOR DE ROPA QUITAMANCHAS PLUMON 10 ML IMP 0037000018704,1,LIQUIDO,SAFE BLEACH,FABRIC TREATMENT,PRE LAVADOR
P&G,TIDE,0037000213215,9TIDE ADIVITO QUITAMANCHAS 220 GR 0037000213215,1,POLVO,SAFE BLEACH,FABRIC TREATMENT,OTR. TIPOS
P&G,TIDE,0037000830870,9TIDE BOOST VIVID WHITE + BRIGHT BOL 18CAP = 400GR IMP 0037000830870,1,POLVO,SAFE BLEACH,FABRIC TREATMENT,OTR. TIPOS
P&G,TIDE,0037000889281,TIDE MULTI PURPOSE OXI STAIN REMOVER BOT 1.72KG 0037000889281,1,POLVO,SAFE BLEACH,FABRIC TREATMENT,OTR. TIPOS
OTHERS FABRICANTE UNIF.,OTHERS MARCA UNIF.,0041380309109,9VALUE CLORO SPECIAL BOT PLAST 3780ML 0041380309109,1,LIQUIDO,CLORO,CLORO,OTR. TIPOS
OTHERS FABRICANTE UNIF.,OTHERS MARCA UNIF.,0041380309116,SPECIAL VALUE CLORO BLANQUEADOR REGULAR BOT  3.79 LT 0041380309116,1,LIQUIDO,CLORO,CLORO,OTR. TIPOS
ARTIC WHITE,ARTIC WHITE,0041596020959,9ARCTIC WHITE FRESCO BOT.PLAS 3.79ML MP 0041596020959,1,LIQUIDO,CLORO,CLORO,OTR. TIPOS
INDS. ALEN,CLORALEX,0043152007114,CLORALEX COLOR VINEGAR POWER BOTE 1.8LT 0043152007114,1,LIQUIDO,SAFE BLEACH,FABRIC TREATMENT,COLOR PODER VINAGRE
CLOROX,CLOROX,0044600002033,9CLOROX REGULAR BOT.PLA 946ML IMP 0044600002033,1,LIQUIDO,CLORO,CLORO,OTR. TIPOS
CLOROX,CLOROX,0044600016924,CLOROX ULTIMATE  CARE BOTELLA 887 ML IMP 0044600016924,1,LIQUIDO,CLORO,CLORO,NO DEFINIDO
CLOROX,CLOROX,0044600305974,CLOROX 2 STAIN FIGTHER REMOVER PEN FOR COLORS GEL 56GR 0044600305974,1,LIQUIDO,PRELAVADOR,FABRIC TREATMENT,PRE LAVADOR
CLOROX,CLOROX,0044600306414,CLOROX 2 QUITAMANCHAS ROPA COLOR C/ROCIADOR 887ML 0044600306414,1,LIQUIDO,PRELAVADOR,FABRIC TREATMENT,QUITAMANCHAS
CLOROX,CLOROX,0044600312804,CLOROX 2 DARKS&DENIM STAIN REMOVER BOT 975ML 0044600312804,1,LIQUIDO,SAFE BLEACH,FABRIC TREATMENT,ROPA COLOR
CLOROX,CLOROX,0044600313429,CLOROX CONTROL BLEACH CRYSTALS REGULAR SCENT BOT 680GR 0044600313429,1,POLVO,CLORO,CLORO,NO DEFINIDO
CLOROX,CLOROX,0044600313436,CLOROX CONTROL BLEACH CRYSTALS FRESH MEADOW SCENT BOT 680GR 0044600313436,1,POLVO,CLORO,CLORO,OTR. TIPOS
CLOROX,CLOROX,0044600313719,CLOROX CONTROL BLEACH 12 PODS CLORO EN POLVO BOT 252GR 0044600313719,1,POLVO,CLORO,CLORO,NO DEFINIDO
SC JOHNSON,SHOUT,0046500022517,SHOUT TRIPLE ACCION LAUNDRY STAIN REMOVER BOT C/ATOM 650 ML 0046500022517,1,LIQUIDO,SAFE BLEACH,FABRIC TREATMENT,PRE LAVADOR
SC JOHNSON,SHOUT,0046500022692,SHOUT ADVANCED LAUNDRY STAIN REMOVER ULTRA CONC GEL BOT246GR 0046500022692,1,GEL,SAFE BLEACH,FABRIC TREATMENT,PRE LAVADOR
SC JOHNSON,SHOUT,0046500022746,SHOUT TRIPLE ACCION LAUNDRY/STAIN REMOVER BOTELLA 1.77 LT 0046500022746,1,LIQUIDO,SAFE BLEACH,FABRIC TREATMENT,PRE LAVADOR
SC JOHNSON,SHOUT,0046500222979,SHOUT ADVANCED LAUNDRY STAIN REMOVER GEL BOT C/ATOM 414ML 0046500222979,1,GEL,SAFE BLEACH,FABRIC TREATMENT,PRE LAVADOR
SC JOHNSON,SHOUT,0046500729355,SHOUT LAUNDRY STAIN REMOVER BOTELLA C/ATOMIZADOR 650 ML 0046500729355,1,LIQUIDO,SAFE BLEACH,FABRIC TREATMENT,PRE LAVADOR
OTHERS FABRICANTE UNIF.,OTHERS MARCA UNIF.,0048155906310,POWER HOUSE BLANQUEADOR REGULAR BOT.PLAS 22OZ=651ML IMP 0048155906310,1,LIQUIDO,CLORO,CLORO,OTR. TIPOS
WHITE MAGIC,WHITE MAGIC,0079893431208,9WHITE MAGIC BOT.PLAS 3970ML IMP 0079893431208,1,LIQUIDO,,CLORO,
INDS. ALEN,CLORALEX,0123456808218,CLORALEX REGULAR BOT 950 ML NAL 0123456808218,1,LIQUIDO,CLORO,CLORO,NO DEFINIDO
FAB. DE JABON LA REINERA,MARIPOSA,0602925200017,MARIPOSA DESMANCHADOR Y ABRILL.ROPA BLAN/COLOR BOTE150GR NAL 0602925200017,1,POLVO,CLORO,CLORO,OTR. TIPOS
FAB. DE JABON LA REINERA,MARIPOSA,0602925200031,MARIPOSA POLVO 500GR 0602925200031,1,POLVO,SAFE BLEACH,FABRIC TREATMENT,PRE LAVADOR
OTHERS FABRICANTE UNIF.,OTHERS MARCA UNIF.,0612464080148,DON CLORINO CLORO POLVO CONCENTRADO CAJA 8SOB 7GR C/U=56GR 0612464080148,1,POLVO,CLORO,CLORO,NO DEFINIDO
OTHERS FABRICANTE UNIF.,OTHERS MARCA UNIF.,0616533000525,BOGAMAR CLORO BOT PLAS 980ML NAL 0616533000525,1,LIQUIDO,CLORO,CLORO,NO DEFINIDO
OTHERS FABRICANTE UNIF.,OTHERS MARCA UNIF.,0616533000532,BOGAMAR BOTELLA 3750 ML NAL 0616533000532,1,LIQUIDO,CLORO,CLORO,OTR. TIPOS
OTHERS FABRICANTE UNIF.,OTHERS MARCA UNIF.,0722429128034,LA S TOTALLY AWESOME BLANQ. REGULAR GALON 3780 ML 0722429128034,1,LIQUIDO,CLORO,CLORO,NO DEFINIDO
OTHERS FABRICANTE UNIF.,OTHERS MARCA UNIF.,0732913227013,SEVENTH GENERATION CLORO LIBRE DE BLANQUEADOR GALON 1.89LT 0732913227013,1,LIQUIDO,CLORO,CLORO,NO DEFINIDO
OTHERS FABRICANTE UNIF.,OTHERS MARCA UNIF.,0737128047005,LA ANITA BLANQUEADOR REGULAR 3.785ML GALON NAL 0737128047005,1,LIQUIDO,CLORO,CLORO,NO DEFINIDO
OTHERS FABRICANTE UNIF.,OTHERS MARCA UNIF.,0737128127004,LA ANITA BOT.PLAST. 1000ML NAL 0737128127004,1,LIQUIDO,CLORO,CLORO,NO DEFINIDO
OTHERS FABRICANTE UNIF.,OTHERS MARCA UNIF.,0737128247009,LA ANITA BOT.PLAST. 500ML NAL. 0737128247009,1,LIQUIDO,CLORO,CLORO,NO DEFINIDO
CLARASOL,CLARASOL,0741120000005,CLARASOL BLANQUEADOR REGULAR BOT PLAST 1LT NAL 0741120000005,1,LIQUIDO,CLORO,CLORO,NO DEFINIDO
CLARASOL,CLARASOL,0741120000012,CLARASOL BLANQUEADOR REGULAR BOT PLAST 500ML NAL 0741120000012,1,LIQUIDO,CLORO,CLORO,NO DEFINIDO
CLARASOL,CLARASOL,0741120000029,CLARASOL REGULAR SIN AROMA GARRAFON 3.785 LT 0741120000029,1,LIQUIDO,CLORO,CLORO,NO DEFINIDO
CLARASOL,CLARASOL,0741120000036,CLARASOL BLANQUEADOR REGULAR BOT PLAS 1850 ML 0741120000036,1,LIQUIDO,CLORO,CLORO,NO DEFINIDO
CLARASOL,CLARASOL,0741120000746,CLARASOL GEL PODER CONCENTRADO BOT PLAS 1L 0741120000746,1,GEL,CLORO,CLORO,MULTIUSOS
CLARASOL,CLARASOL,0741120010011,CLARASOL BOT.PLAST. 1000ML NAL 0741120010011,1,LIQUIDO,CLORO,CLORO,NO DEFINIDO
CHURCH & DWIGHT,OXI CLEAN,0757037000489,OXI CLEAN MAX FORCE REMOVEDOR/MANCHAS BOT. PLAST 266.16ML 0757037000489,1,LIQUIDO,PRELAVADOR,FABRIC TREATMENT,PRE LAVADOR
CHURCH & DWIGHT,OXI CLEAN,0757037512449,OXI CLEAN MAX FORCE REMOVEDOR DE MANCHAS BOT. PLAST 354 ML 0757037512449,1,LIQUIDO,PRELAVADOR,FABRIC TREATMENT,PRE LAVADOR
CHURCH & DWIGHT,OXI CLEAN,0757037513552,OXI CLEAN MAX FORCE GEL STICK REMOVEDOR D/MANCHAS 1PZA 175GR 0757037513552,1,GEL,SAFE BLEACH,FABRIC TREATMENT,PRE LAVADOR
CHURCH & DWIGHT,OXI CLEAN,0757037514016BP1,9OXI CLEAN ELIMINADOR D/MANCHAS BOTE PLAST. 1580 GR IMP. 0757037514016BP1,1,POLVO,SAFE BLEACH,FABRIC TREATMENT,QUITAMANCHAS
CHURCH & DWIGHT,OXI CLEAN,0757037516935,OXI CLEAN REMOVEDOR DE MANCHAS BOTE 636ML 0757037516935,1,LIQUIDO,SAFE BLEACH,FABRIC TREATMENT,PRE LAVADOR
CHURCH & DWIGHT,OXI CLEAN,0757037517123,OXI CLEAN LIQ.BOT. 635 ML 0757037517123,1,LIQUIDO,PRELAVADOR,FABRIC TREATMENT,PRE LAVADOR
CHURCH & DWIGHT,OXI CLEAN,0757037517499,OXI CLEAN REMOVEDOR DE MANCHAS BOT. 453 GR 0757037517499,1,POLVO,SAFE BLEACH,FABRIC TREATMENT,OTR. TIPOS
CHURCH & DWIGHT,OXI CLEAN,0757037517611,9OXICLEAN ELIMINADOR DE MANCHAS BOTE 750 GR IMP 0757037517611,1,POLVO,SAFE BLEACH,FABRIC TREATMENT,PRE LAVADOR
GRUPO AC MARCAS,SANYTOL,3045200760009,SANYTOL DESINFECTANTE DE ROPA BOT 500 ML 3045200760009,1,LIQUIDO,SANITIZANTE,SANITIZANTE,SANITIZANTE
GRUPO AC MARCAS,SANYTOL,3045206360609,SANYTOL DESINFECTANTE DE ROPA BOT 1 LT 3045206360609,1,LIQUIDO,SANITIZANTE,SANITIZANTE,SANITIZANTE
GRUPO AC MARCAS,SANYTOL,3045206382007,SANYTOL QUITAMANCHAS DESINFECTANTE POLVO BOT 450GR 3045206382007,1,POLVO,SAFE BLEACH,FABRIC TREATMENT,PRE LAVADOR
DELTA PRONATURA,DR.BECKMANN,4008455394015,DR BECKMANN EL MAGO QUITAMANCHAS 4 LIQUIDO BOT 50ML IMP 4008455394015,1,LIQUIDO,PRELAVADOR,FABRIC TREATMENT,PRE LAVADOR
DELTA PRONATURA,DR.BECKMANN,4008455394114,DR BECKMANN EL MAGO QUITAMANCHAS 2 LIQUIDO BOT 50ML IMP 4008455394114,1,LIQUIDO,PRELAVADOR,FABRIC TREATMENT,PRE LAVADOR
DELTA PRONATURA,DR.BECKMANN,4008455394213,DR BECKMANN EL MAGO QUITAMANCHAS 8 LIQUIDO BOT 50ML IMP 4008455394213,1,LIQUIDO,PRELAVADOR,FABRIC TREATMENT,PRE LAVADOR
DELTA PRONATURA,DR.BECKMANN,4008455394411,DR BECKMANN EL MAGO QUITAMANCHAS3 P.TINT/CRAY/ROTUL BOT 50ML 4008455394411,1,LIQUIDO,PRELAVADOR,FABRIC TREATMENT,PRE LAVADOR
DELTA PRONATURA,DR.BECKMANN,4008455394510,DR BECKMANN EL MAGO QUITAMANCHAS 5 LIQUIDO BOT 50ML IMP 4008455394510,1,LIQUIDO,PRELAVADOR,FABRIC TREATMENT,PRE LAVADOR
DELTA PRONATURA,DR.BECKMANN,4008455394619,DR BECKMANN EL MAGO QUITAMANCHAS 7 LIQUIDO BOT 50ML IMP 4008455394619,1,LIQUIDO,PRELAVADOR,FABRIC TREATMENT,PRE LAVADOR
DELTA PRONATURA,DR.BECKMANN,4008455423517,DR BECKMANN EL MAGO QUITAMANCHAS 6 LIQUIDO BOT 50ML IMP 4008455423517,1,LIQUIDO,PRELAVADOR,FABRIC TREATMENT,PRE LAVADOR
DELTA PRONATURA,DR.BECKMANN,4008455423616,DR BECKMANN EL MAGO QUITAMANCHAS 4 LIQUIDO BOT 50ML IMP 4008455423616,1,LIQUIDO,PRELAVADOR,FABRIC TREATMENT,PRE LAVADOR
DELTA PRONATURA,DR.BECKMANN,4008455423715,DR BECKMANN QUITAMANCHAS PRELAVADO C/CEP APLIC LIQ BOT 250ML 4008455423715,1,LIQUIDO,PRELAVADOR,FABRIC TREATMENT,PRE LAVADOR
DELTA PRONATURA,DR.BECKMANN,4008455425412,DR BECKMANN BLANQ INTENS SUPER BLANC PVO 6BSAS 40GRC/U=240GR 4008455425412,1,POLVO,CLORO,CLORO,NO DEFINIDO
DELTA PRONATURA,DR.BECKMANN,4008455427614,DR BECKMANN POLVO QUITA DESTINIDO CJ C/2 BOL 75GC/U=150GRS 4008455427614,1,POLVO,SAFE BLEACH,FABRIC TREATMENT,PRE LAVADOR
DELTA PRONATURA,DR.BECKMANN,4008455438016,DR BECKMANN LAPIZ MAGICO QUITAMANCHAS 9ML 4008455438016,1,LIQUIDO,PRELAVADOR,FABRIC TREATMENT,PRE LAVADOR
DELTA PRONATURA,DR.BECKMANN,4008455457512,DR BECKMANN BLANQUEADOR SIN CLORO BOL 80GR 4008455457512,1,POLVO,CLORO,CLORO,NO DEFINIDO
DELTA PRONATURA,DR.BECKMANN,4008455457710,DR BECKMANN QUITAMANCHASINTENSO ROPABLANCAYCOLOR SACHET100GR 4008455457710,1,POLVO,SAFE BLEACH,FABRIC TREATMENT,PRE LAVADOR
DELTA PRONATURA,DR.BECKMANN,4008455458618,DR BECKMANN EL MAGO QUITAMANCHAS OXIDO/DESOD BOTC/ATOM 250ML 4008455458618,1,LIQUIDO,PRELAVADOR,FABRIC TREATMENT,PRE LAVADOR
DELTA PRONATURA,DR.BECKMANN,4008455458717,DR BECKMANN ORIGINAL QUITAMANCHAS PRELAVADO BOT C/ATOM 250ML 4008455458717,1,LIQUIDO,PRELAVADOR,FABRIC TREATMENT,PRE LAVADOR
DELTA PRONATURA,DR.BECKMANN,4008455459417,DR BECKMAN SUPER BLANCO TOALLITAS ACTIVAS S/CLORO CAJA 15PZ 4008455459417,1,TOALLAS,PRELAVADOR,FABRIC TREATMENT,BLANCO
DELTA PRONATURA,DR.BECKMANN,4008455460215,DR BECKMANN BLANQUEADOR POLVO CJ C/2BOLSAS 75GRC/U=150GR IMP 4008455460215,1,POLVO,CLORO,CLORO,NO DEFINIDO
DELTA PRONATURA,DR.BECKMANN,4008455476711,DR BECKMANN JABON MAGICO QUITAMANCHAS BARRA 100 GR 4008455476711,1,BARRA,SAFE BLEACH,FABRIC TREATMENT,PRE LAVADOR
DELTA PRONATURA,DR.BECKMANN,4008455524917,DR BECKMANN QUITAMANCHAS DESODORANTE Y SUDOR BOT 500 ML 4008455524917,1,LIQUIDO,PRELAVADOR,FABRIC TREATMENT,PRE LAVADOR
DELTA PRONATURA,DR.BECKMANN,4008455567013,DR BECKMANN QUITAMANCHAS INTENSO ROPABLANCAYCOLOR SOBRE 80GR 4008455567013,1,POLVO,SAFE BLEACH,FABRIC TREATMENT,PRE LAVADOR
INDS. H24,CUELLOS PUNOS Y MANCHITAS,7501021160689,TOTAL CUELLOS PUNOS Y MANCHITAS ULTRA FUERTE LATA 340GR NAL 7501021160689,1,LIQUIDO,PRELAVADOR,FABRIC TREATMENT,OTR. TIPOS
INDS. H24,CUELLOS PUNOS Y MANCHITAS,7501021160719,H24 CUELLOS PUNOS Y MANCHITAS BOT/ATOM 700ML NAL 7501021160719,1,LIQUIDO,PRELAVADOR,FABRIC TREATMENT,PRE LAVADOR
INDS. H24,CUELLOS PUNOS Y MANCHITAS,7501021160726,CUELLOS PU¤OS Y MANCHITAS BOT/REP 700 ML  NAL. 7501021160726,1,LIQUIDO,PRELAVADOR,FABRIC TREATMENT,PRE LAVADOR
INDS. ALEN,CLORALEX,7501025400323,CLORALEX FLORES DE BACH BOT PLAS 950 ML 7501025400323,1,LIQUIDO,CLORO,CLORO,OTR. TIPOS
INDS. ALEN,CLORALEX,7501025400330,CLORALEX FLORES DE BACH BOT PLAS 2 LT 7501025400330,1,LIQUIDO,CLORO,CLORO,OTR. TIPOS
INDS. ALEN,CLORALEX,7501025400347,CLORALEX FLORES DE BACH BOT PLAS 3.75 LT 7501025400347,1,LIQUIDO,CLORO,CLORO,NO DEFINIDO
INDS. ALEN,CLORALEX,7501025400354,CLORALEX GERANIO Y ALOE BOT PLAS 950 ML 7501025400354,1,LIQUIDO,CLORO,CLORO,NO DEFINIDO
INDS. ALEN,CLORALEX,7501025400361,CLORALEX GERANIO Y ALOE BOT PLAS 2 LT 7501025400361,1,LIQUIDO,CLORO,CLORO,NO DEFINIDO
INDS. ALEN,CLORALEX,7501025400378,CLORALEX GERANIO Y ALOE BOT PLAS 3.75 LT 7501025400378,1,LIQUIDO,CLORO,CLORO,OTR. TIPOS
INDS. ALEN,CLORALEX,7501025400385,CLORALEX MENTA Y EUCALIPTO BOT PLAS 950 ML 7501025400385,1,LIQUIDO,CLORO,CLORO,NO DEFINIDO
INDS. ALEN,CLORALEX,7501025400392,CLORALEX MENTA Y EUCALIPTO BOT PLAS 2 LT 7501025400392,1,LIQUIDO,CLORO,CLORO,NO DEFINIDO
INDS. ALEN,CLORALEX,7501025400408,CLORALEX MENTA Y EUCALIPTO BOT PLAS 3.75 LT 7501025400408,1,LIQUIDO,CLORO,CLORO,OTR. TIPOS
INDS. ALEN,CLORALEX,7501025400415,CLORALEX SUAVE AROMA BLANQUEADOR BOT 950ML 7501025400415,1,LIQUIDO,CLORO,CLORO,NO DEFINIDO
INDS. ALEN,CLORALEX,7501025400422,CLORALEX SUAVE AROMA BLANQUEADOR BOT 2LT 7501025400422,1,LIQUIDO,CLORO,CLORO,NO DEFINIDO
INDS. ALEN,CLORALEX,7501025400439,CLORALEX SUAVE AROMA BLANQUEADOR BOT 3.75LT 7501025400439,1,LIQUIDO,CLORO,CLORO,NO DEFINIDO
INDS. ALEN,CLORALEX,7501025400767,CLORALEX CLORO GERMICIDA REGULAR 950 ML 7501025400767,1,LIQUIDO,CLORO,CLORO,GERMICIDA
INDS. ALEN,CLORALEX,7501025400781,CLORALEX EL RENDIDOR BLANQUEADOR DESINF ELIM COVID BOT 950ML 7501025400781,1,LIQUIDO,CLORO,CLORO,NO DEFINIDO
INDS. ALEN,RADIANTE,7501025400903,RADIANTE QUITA MANCHAS P/ROPA BOT 1000ML NAL 7501025400903,1,LIQUIDO,SAFE BLEACH,FABRIC TREATMENT,OTR. TIPOS
INDS. ALEN,CLORALEX,7501025400927,CLORALEX COLOR QUITAMANCHAS PARA ROPA BOT 500 ML NAL 7501025400927,1,LIQUIDO,SAFE BLEACH,FABRIC TREATMENT,PRE LAVADOR
INDS. ALEN,CLORALEX,7501025400941,CLORALEX COLOR QUITAMANCHAS P/ROPA BOT 950 ML NAL 7501025400941,1,LIQUIDO,SAFE BLEACH,FABRIC TREATMENT,PRE LAVADOR
INDS. ALEN,CLORALEX,7501025400958,CLORALEX COLOR QUITAMANCHAS ROPA BOT 1800 ML NAL 7501025400958,1,LIQUIDO,SAFE BLEACH,FABRIC TREATMENT,PRE LAVADOR
INDS. ALEN,CLORALEX,7501025400965,CLORALEX COLOR QUITA MANCHAS ROPA BOT C/ATOM 650 ML 7501025400965,1,LIQUIDO,PRELAVADOR,FABRIC TREATMENT,PRE LAVADOR
INDS. ALEN,CLORALEX,7501025400989,CLORALEX ESFERAS ROPA COLOR BOTE 500GR NAL 7501025400989,1,POLVO,SAFE BLEACH,FABRIC TREATMENT,PRE LAVADOR
INDS. ALEN,CLORALEX,7501025400996,CLORALEX ESFERAS ROPA DE COLOR QUITAMANCHAS BOTE 1000 GR 7501025400996,1,POLVO,SAFE BLEACH,FABRIC TREATMENT,ROPA COLOR
INDS. ALEN,CLORALEX,7501025401023,CLORALEX EXTRA SENSACION FRUTALES BOT PLAST 950ML 7501025401023,1,LIQUIDO,,CLORO,
INDS. ALEN,CLORALEX,7501025401047,CLORALEX AROMA SENSACION FRUTAL BOT PLAST 3750ML 7501025401047,1,LIQUIDO,CLORO,CLORO,OTR. TIPOS
INDS. ALEN,CLORALEX,7501025401061,CLORALEX BAMBINO BOT PLAST 950ML NAL 7501025401061,1,LIQUIDO,CLORO,CLORO,BAMBINO
INDS. ALEN,CLORALEX,7501025401078,CLORALEX BAMBINO BOT PLAST 2000ML NAL 7501025401078,1,LIQUIDO,CLORO,CLORO,ROPA BEBE
INDS. ALEN,CLORALEX,7501025401115,CLORALEX BLANQUEDOR ESENCIAS DE MARSELLA BOTPLAS 950ML NAL 7501025401115,1,LIQUIDO,CLORO,CLORO,OTR. TIPOS
INDS. ALEN,CLORALEX,7501025401122,CLORALEX ESENCIAS DE MARSELLA BOT PLAS 2000 ML NAL 7501025401122,1,LIQUIDO,CLORO,CLORO,OTR. TIPOS
INDS. ALEN,CLORALUZ,7501025401252,CLORALUZ BOT.PLAST. 900ML NAL. 7501025401252,1,LIQUIDO,CLORO,CLORO,NO DEFINIDO
INDS. ALEN,CLORALEX,7501025401306,CLORALEX EL RENDIDOR BOTELLA 10000 ML NAL 7501025401306,1,LIQUIDO,CLORO,CLORO,NO DEFINIDO
INDS. ALEN,CLORALEX,7501025401313,CLORALEX CLORO EN GEL BOT 3.75L 7501025401313,1,GEL,CLORO,CLORO,MULTIUSOS
INDS. ALEN,CLORALEX,7501025401511,CLORALEX BRISA FRESCA BOT PLAST 950ML NAL 7501025401511,1,LIQUIDO,CLORO,CLORO,OTR. TIPOS
INDS. ALEN,CLORALEX,7501025401528,CLORALEX EXTRA BRISA FRESCA BOT PLAST 2LTS NAL 7501025401528,1,LIQUIDO,CLORO,CLORO,OTR. TIPOS
INDS. ALEN,CLORALEX,7501025401535,CLORALEX EL RENDIDOR BOT 1.17LT 7501025401535,1,LIQUIDO,CLORO,CLORO,NO DEFINIDO
INDS. ALEN,CLORALEX,7501025401566,CLORALEX SUAVE AROMA BLANQUEADOR BOT 1.17L 7501025401566,1,LIQUIDO,CLORO,CLORO,NO DEFINIDO
INDS. ALEN,CLORALEX,7501025401573,CLORALEX COLOR PODER VINAGRE QUITAMANCHAS BOLSA 450 ML 7501025401573,1,LIQUIDO,SAFE BLEACH,FABRIC TREATMENT,PRE LAVADOR
INDS. ALEN,CLORALEX,7501025401580,CLORALEX COLOR QUITAMANCHAS BOLSA 450 ML 7501025401580,1,LIQUIDO,SAFE BLEACH,FABRIC TREATMENT,PRE LAVADOR
INDS. ALEN,CLORALEX,7501025401597BP1,CLORALEX COLOR SIN CLORO BOT 2.8 LT 7501025401597BP1,1,LIQUIDO,SAFE BLEACH,FABRIC TREATMENT,ROPA COLOR
INDS. ALEN,CLORALEX,7501025401641,CLORALEX EXTRA BRISA FRESCA 375OML NAL 7501025401641,1,LIQUIDO,CLORO,CLORO,OTR. TIPOS
INDS. ALEN,CLORALEX,7501025401795,CLORALEX ULTRAGEL CITRICO BOTELLA 950ML 7501025401795,1,GEL,CLORO,CLORO,MULTIUSOS
INDS. ALEN,CLORALEX,7501025401801,CLORALEX ULTRAGEL CITRICO BOTELLA 600ML 7501025401801,1,GEL,CLORO,CLORO,MULTIUSOS
INDS. ALEN,CLORALEX,7501025401832,CLORALEX  PODER OXIGENO ULTRAGEL QUITAMANCHAS BOLSA 450 ML 7501025401832,1,GEL,SAFE BLEACH,FABRIC TREATMENT,PRE LAVADOR
INDS. ALEN,CLORALEX,7501025401849,CLORALEX PODER OXIGENO ULTRAGEL QUITAMANCHAS BOLSA 750 ML 7501025401849,1,GEL,SAFE BLEACH,FABRIC TREATMENT,PRE LAVADOR
INDS. ALEN,CLORALEX,7501025401856,CLORALEX PODER  OXIGENO ULTRAGEL QUITAMANCHAS BOT 950 ML 7501025401856,1,GEL,SAFE BLEACH,FABRIC TREATMENT,PRE LAVADOR
INDS. ALEN,CLORALEX,7501025401863,CLORALEX PODER OXIGENO  ULTRAGEL  QUITAMANCHAS BOT 1.5 LT 7501025401863,1,GEL,SAFE BLEACH,FABRIC TREATMENT,PRE LAVADOR
INDS. ALEN,CLORALEX,7501025401887,CLORALEX  PODER VINAGRE ULTRAGEL QUITAMANCHAS BOLSA 450 ML 7501025401887,1,GEL,SAFE BLEACH,FABRIC TREATMENT,PRE LAVADOR
INDS. ALEN,CLORALEX,7501025401894,CLORALEX PODER VINAGRE ULTRAGEL QUITAMANCHAS BOLSA 750 ML 7501025401894,1,GEL,SAFE BLEACH,FABRIC TREATMENT,PRE LAVADOR
INDS. ALEN,CLORALEX,7501025401900,CLORALEX PODER  VINAGRE ULTRAGEL QUITAMANCHAS BOT 950 ML 7501025401900,1,GEL,SAFE BLEACH,FABRIC TREATMENT,PRE LAVADOR
INDS. ALEN,CLORALEX,7501025401917,CLORALEX PODER VINAGRE ULTRAGEL  QUITAMANCHAS BOT 1.5 LT 7501025401917,1,GEL,SAFE BLEACH,FABRIC TREATMENT,PRE LAVADOR
INDS. ALEN,CLORALEX,7501025401931,CLORALEX GEL BLANQUEADOR BP 700ML 7501025401931,1,GEL,CLORO,CLORO,MULTIUSOS
INDS. ALEN,CLORALEX,7501025401948,CLORALEX GEL NO SALPICA DESINFECTANTE BP 1.65LT 7501025401948,1,GEL,CLORO,CLORO,MULTIUSOS
INDS. ALEN,BLANCATEL,7501025401993,BLANCATEL CONCENTRADO BOT PLAST 3750ML NAL 7501025401993,1,LIQUIDO,CLORO,CLORO,NO DEFINIDO
INDS. ALEN,BLANCATEL,7501025402037,BLANCATEL BOT.PLAST. 930 ML. NAL. 7501025402037,1,LIQUIDO,CLORO,CLORO,NO DEFINIDO
INDS. ALEN,BLANCATEL,7501025402051,BLANCATEL CONCENTRADO BOT PLAST 3750ML NAL 7501025402051,1,LIQUIDO,CLORO,CLORO,NO DEFINIDO
INDS. ALEN,BLANCATEL,7501025402082,BLANCATEL FRESCURA DEL CAMPO BOT PLAST 3750ML NAL 7501025402082,1,LIQUIDO,CLORO,CLORO,NO DEFINIDO
INDS. ALEN,BLANCATEL,7501025402211,BLANCATEL BLANQUEADOR FAMILIAR JAZMIN GFA 3.75 LT 7501025402211,1,LIQUIDO,CLORO,CLORO,NO DEFINIDO
INDS. ALEN,BLANCATEL,7501025402235,BLANCATEL FLORAL BOT PLAST 3750ML NAL 7501025402235,1,LIQUIDO,CLORO,CLORO,NO DEFINIDO
INDS. ALEN,BLANCATEL,7501025402242,BLANCATEL LAVANDA LIQ BOT PLAST 3750ML NAL 7501025402242,1,LIQUIDO,CLORO,CLORO,NO DEFINIDO
INDS. ALEN,BLANCATEL,7501025402259,BLANCATEL BLANQUEADOR BOTELLA 1.8LT 7501025402259,1,LIQUIDO,,CLORO,
INDS. ALEN,BLANCATEL,7501025402303,BLANCATEL N. BLANQUEADOR BOTELLA 3.75LT 7501025402303,1,LIQUIDO,CLORO,CLORO,NO DEFINIDO
INDS. ALEN,CLORALEX,7501025402440,CLORALEX EL RENDIDOR BLANQUEADOR ROPA CONCENT GARRAFON 7 LT 7501025402440,1,LIQUIDO,CLORO,CLORO,NO DEFINIDO
INDS. ALEN,BLANCATEL,7501025402990,BLANCATEL NAVIDENO BOT PLAST 3.750LT NAL 7501025402990,1,LIQUIDO,CLORO,CLORO,NO DEFINIDO
INDS. ALEN,CLORALEX,7501025403423,CLORALEX EDICION RETRO BOTELLA 2000 ML 7501025403423,1,LIQUIDO,CLORO,CLORO,OTR. TIPOS
INDS. ALEN,CLORALEX,7501025405076,CLORALEX CLORO EN GEL BOT 500ML 7501025405076,1,GEL,CLORO,CLORO,MULTIUSOS
INDS. ALEN,CLORALEX,7501025405090,CLORALEX ULTRAGEL CLORO GEL CONCENTRADO BOT 600 ML 7501025405090,1,GEL,CLORO,CLORO,MULTIUSOS
INDS. ALEN,CLORALEX,7501025405106,CLORALEX CLORO EN GEL BP 2000ML 7501025405106,1,GEL,CLORO,CLORO,MULTIUSOS
INDS. ALEN,CLORALEX,7501025405120,CLORALEX CLORO EN GEL BOT 250ML 7501025405120,1,GEL,CLORO,CLORO,MULTIUSOS
INDS. ALEN,CLORALEX,7501025405151,CLORALEX CLORO EN GEL BOT 950ML 7501025405151,1,GEL,CLORO,CLORO,MULTIUSOS
INDS. ALEN,CLORALEX,7501025405205,CLORALEX AROMAX FLORAL CLORO GEL CON DETERGENTE BOT 600ML 7501025405205,1,GEL,CLORO,CLORO,MULTIUSOS
INDS. ALEN,CLORALEX,7501025405212,CLORALEX ULTRAGEL CLORO EN GEL CONCENTRADO 950ML 7501025405212,1,GEL,CLORO,CLORO,MULTIUSOS
INDS. ALEN,CLORALEX,7501025405229,CLORALEX AROMAX CLORO GEL C/DETERGENTE CITRICO BOTE 950ML 7501025405229,1,GEL,CLORO,CLORO,MULTIUSOS
INDS. ALEN,CLORALEX,7501025405236,CLORALEX AROMAX CLORO GEL C/DETERGENTE FLORAL BOTE 950ML 7501025405236,1,GEL,CLORO,CLORO,MULTIUSOS
INDS. ALEN,CLORALEX,7501025405274,CLORALEX DETERMAX GEL BOT PLAS 950 ML 7501025405274,1,GEL,CLORO,CLORO,MULTIUSOS
INDS. ALEN,CLORALEX,7501025405298BP2,CLORALEX MAXGEL BOT 600ML+PINOL PINO MULTIU BOT 1L 7501025405298BP2,1,GEL,CLORO,CLORO,MULTIUSOS
INDS. ALEN,CLORALEX,7501025405311,CLORALEX EL RENDIDOR 60 ANIVERSARIO 950+220 ML=1170 ML NAL 7501025405311,1,LIQUIDO,CLORO,CLORO,NO DEFINIDO
INDS. ALEN,CLORALEX,7501025405816,CLORALEX EL RENDIDOR ELIMINA 99.9 DE VIRUS Y BACTERIAS BOT 1 7501025405816,1,LIQUIDO,CLORO,CLORO,NO DEFINIDO
INDS. ALEN,CLORALEX,7501025405885,CLORALEX GEL ROPA BLANCA BP 950 ML 7501025405885,1,GEL,CLORO,CLORO,MULTIUSOS
INDS. ALEN,CLORALEX,7501025406561,CLORALEX AROMA CLORO LIQUIDO LAVANDA BP 2L 7501025406561,1,LIQUIDO,CLORO,CLORO,NO DEFINIDO
INDS. ALEN,CLORALEX,7501025406578,CLORALEX AROMA CLORO LIQUIDO LAVANDA BP 3.75L 7501025406578,1,LIQUIDO,CLORO,CLORO,NO DEFINIDO
INDS. ALEN,CLORALEX,7501025408404,CLORALEX AROMAS BLAQUEADOR LIQUIDO FLORAL GAR 10LT 7501025408404,1,LIQUIDO,CLORO,CLORO,NO DEFINIDO
INDS. ALEN,CLORALEX,7501025408947,CLORALEX EL RENDIDOR BOT.PLAST. 700ML NAL. 7501025408947,1,LIQUIDO,CLORO,CLORO,NO DEFINIDO
INDS. ALEN,CLORALEX,7501025409104,CLORALEX EL RENDIDOR BLANQ DESINF DEODORIZ CONCEN BP 1.65LT 7501025409104,1,LIQUIDO,CLORO,CLORO,NO DEFINIDO
INDS. ALEN,CLORALEX,7501025409470,CLORALEX MASCOTAS LIMP DESINFECT C/CLORO BP C/G750ML=3.750LT 7501025409470,1,LIQUIDO,CLORO,CLORO,MASCOTAS
INDS. ALEN,CLORALEX,7501025410834,CLORALEX COLOR LIQUIDO PRELAVADOR BOTELLA 1.8 LT 7501025410834,1,LIQUIDO,SAFE BLEACH,FABRIC TREATMENT,PRE LAVADOR
INDS. ALEN,CLORALEX,7501025411893,CLORALEX MASCOTAS LIM C/CLORO+DETERGENTE CITRICO BP 1.65L 7501025411893,1,LIQUIDO,CLORO,CLORO,MASCOTAS
INDS. ALEN,CLORALEX,7501025411978,CLORALEX AREA MASCOTAS BOTELLA 1800ML + 200ML = 2 LT 7501025411978,1,LIQUIDO,CLORO,CLORO,MASCOTAS
INDS. ALEN,CLORALEX,7501025411992,CLORALEX MASCOTAS BOT PLAST 950ML NAL 7501025411992,1,LIQUIDO,CLORO,CLORO,MASCOTAS
INDS. ALEN,CLORALEX,7501025412005,CLORALEX MASCOTAS BOT PLAST 3750ML NAL 7501025412005,1,LIQUIDO,CLORO,CLORO,MASCOTAS
INDS. ALEN,CLORALEX,7501025412012,CLORALEX MASCOTAS BOT PLAST 5000ML NAL 7501025412012,1,LIQUIDO,CLORO,CLORO,MASCOTAS
INDS. ALEN,CLORALEX,7501025412104,CLORALEX AROMA CLORO LIQUIDO FLORAL BP 950ML 7501025412104,1,LIQUIDO,CLORO,CLORO,NO DEFINIDO
INDS. ALEN,CLORALEX,7501025412135,CLORALEX AROMA CLORO LIQUIDO FLORAL BP 3.75L 7501025412135,1,LIQUIDO,CLORO,CLORO,NO DEFINIDO
INDS. ALEN,CLORALEX,7501025412357,CLORALEX EL RENDIDOR CLORO LIQ DESINFECT C/G500ML BOT=3.75L 7501025412357,1,LIQUIDO,CLORO,CLORO,MULTIUSOS
INDS. ALEN,CLORALEX,7501025412401,CLORALEX COLOR PODER VINAGRE BOT 950 ML NAL 7501025412401,1,LIQUIDO,SAFE BLEACH,FABRIC TREATMENT,PRE LAVADOR
INDS. ALEN,CLORALEX,7501025412418,CLORALEX COLOR PODER VINAGRE BOT 1800 ML NAL 7501025412418,1,LIQUIDO,SAFE BLEACH,FABRIC TREATMENT,PRE LAVADOR
INDS. ALEN,CLORALEX,7501025412463,CLORALEX COLOR PODER VINAGRE GARRAFON 5100 ML NAL 7501025412463,1,LIQUIDO,SAFE BLEACH,FABRIC TREATMENT,COLOR PODER VINAGRE
INDS. ALEN,CLORALEX,7501025412784,CLORALEX COLOR QUITAMANCHAS BOT 950 ML 7501025412784,1,LIQUIDO,SAFE BLEACH,FABRIC TREATMENT,PRE LAVADOR
INDS. ALEN,CLORALEX,7501025418106,CLORALEX BLANQUEADOR FLORES MEXICANAS BOT PLAS 2 LT 7501025418106,1,LIQUIDO,CLORO,CLORO,NO DEFINIDO
INDS. ALEN,CLORALEX,7501025441319BP2,CLORALEX ELRENDIDORLIQBP950MLPVPESP+PINOLELORIGFLORALBP828ML 7501025441319BP2,1,LIQUIDO,CLORO,CLORO,NO DEFINIDO
INDS. ALEN,CLORALEX,7501025441326BP2,CLORALEX ELRENDIDORLIQBP950ML+PINOLELORIGCITRICOBP828MPVPESP 7501025441326BP2,1,LIQUIDO,CLORO,CLORO,NO DEFINIDO
INDS. ALEN,CLORALEX,7501025441357BP1,MMBLANQUEADORCONC BP950ML+CLORALEX BAÑOSANTIHONGOS ATOM650ML 7501025441357BP1,1,LIQUIDO,CLORO,CLORO,NO DEFINIDO
INDS. ALEN,CLORALEX,7501025441463BP2,CLORALEX BLANQUEADOR REG BP950ML+PINOL EL ORIGINAL LIMPBP1LT 7501025441463BP2,1,LIQUIDO,CLORO,CLORO,NO DEFINIDO
INDS. ALEN,CLORALEX,7501025441487BP1,CLORALEX EL RENDIDOR LIQ BP950ML+MM EL RENDIDOR GEL BP950ML 7501025441487BP1,1,LIQUIDO,CLORO,CLORO,NO DEFINIDO
INDS. ALEN,CLORALEX,7501025441487BP2,CLORALEX EL RENDIDOR GEL BP950ML+MM EL RENDIDOR LIQ BP950ML 7501025441487BP2,1,GEL,CLORO,CLORO,MULTIUSOS
INDS. ALEN,CLORALEX,7501025450212,CLORALEX EL RENDIDOR BOT 1900+100ML= 2LT 7501025450212,1,LIQUIDO,CLORO,CLORO,NO DEFINIDO
INDS. ALEN,CLORALEX,7501025450274,CLORALEX EL RENDIDOR CONCENTRADO BOT 1800ML C/G 200ML = 2 LT 7501025450274,1,LIQUIDO,CLORO,CLORO,NO DEFINIDO
INDS. ALEN,CLORALEX,7501025450618BP1,CLORALEX REGULAR LIQ BOT PLAS 950ML C/MM ROPA COLOR 950ML 7501025450618BP1,1,LIQUIDO,CLORO,CLORO,OTR. TIPOS
INDS. ALEN,CLORALEX,7501025450618BP2,CLORALEX ROPA COLOR BOT PLAS 950ML C/MM REGULAR LIQ 950ML 7501025450618BP2,1,LIQUIDO,SAFE BLEACH,FABRIC TREATMENT,ROPA COLOR
INDS. ALEN,CLORALEX,7501025450632,CLORALEX EL RENDIDOR BOT PLAST 3750ML+300ML GRATIS 4050ML 7501025450632,1,LIQUIDO,CLORO,CLORO,NO DEFINIDO
INDS. ALEN,CLORALEX,7501025450984,CLORALEX MASCOTAS LA PAREJA PERFECTA 2BOT 950ML C\U 7501025450984,1,LIQUIDO,CLORO,CLORO,MASCOTAS
INDS. ALEN,CLORALEX,7501025450984BP1,CLORALEX RENDIDOR BOT 950ML+MM MASCOTAS BOT 950ML 7501025450984BP1,1,LIQUIDO,CLORO,CLORO,NO DEFINIDO
INDS. ALEN,CLORALEX,7501025450984BP2,CLORALEX MASCOTAS BOT 950ML+MM RENDIDOR BOT 950ML 7501025450984BP2,1,LIQUIDO,CLORO,CLORO,MASCOTAS
INDS. ALEN,CLORALEX,7501025454012,CLORALEX MASCOTAS INTERIOR BOT C/ATOM 650ML NAL 7501025454012,1,LIQUIDO,CLORO,CLORO,MASCOTAS
INDS. ALEN,CLORALEX,7501025454029,CLORALEX MASCOTAS INTERIOR BOT PLAST 950ML NAL 7501025454029,1,LIQUIDO,CLORO,CLORO,MASCOTAS
INDS. ALEN,CLORALEX,7501025459208,CLORALEX AROMA MUJER CAMPANA UNIDAS CONTIGO 3.750 LT 7501025459208,1,LIQUIDO,CLORO,CLORO,OTR. TIPOS
LA CORONA,CARISMA,7501026005800,CARISMA CLORO BOTELLA 1LT 7501026005800,1,LIQUIDO,CLORO,CLORO,OTR. TIPOS
LA CORONA,PURO SOL,7501026030109,CLORO PURO SOL BOT PLAS 1000 ML LA CORONA 7501026030109,1,LIQUIDO,CLORO,CLORO,NO DEFINIDO
OTHERS FABRICANTE UNIF.,OTHERS MARCA UNIF.,7501041505309,EL TIMON BLANQUEADOR AZUL PARA ROPA 50SOBRES 10GR C/U 7501041505309,1,POLVO,CLORO,CLORO,NO DEFINIDO
OTHERS FABRICANTE UNIF.,OTHERS MARCA UNIF.,7501041508652,MYRSEL CLORO INCOLORO E INHOLORO GARRAFON 20LTS NAL 7501041508652,1,LIQUIDO,CLORO,CLORO,NO DEFINIDO
QUIMICA GONCAL,PATITO,7501042300033,PATITO CLORO PATITO BOT.PLAST.960 ML NAL. 7501042300033,1,LIQUIDO,CLORO,CLORO,NO DEFINIDO
QUIMICA GONCAL,PATITO,7501042300057,CLORO PATITO BOT PLAS 3750 ML NAL. 7501042300057,1,LIQUIDO,CLORO,CLORO,OTR. TIPOS
QUIMICA GONCAL,CLORTEX,7501042301733,CLORTEX BLANQUEADOR BOT 1890ML NAL 7501042301733,1,LIQUIDO,CLORO,CLORO,NO DEFINIDO
QUIMICA GONCAL,CLORTEX,7501042301740,CLORTEX BLANQUEADOR CONCENTRADO SIN AROMA GARRAFON 3.75 LT 7501042301740,1,LIQUIDO,CLORO,CLORO,NO DEFINIDO
QUIMICA GONCAL,CLORTEX,7501042301757,CLORTEX BOT PLAS 950 ML NAL. 7501042301757,1,LIQUIDO,CLORO,CLORO,NO DEFINIDO
QUIMICA GONCAL,CLORTEX,7501042301764,CLORTEX AROMA FLORAL BOT PLAS 3750ML NAL 7501042301764,1,LIQUIDO,CLORO,CLORO,NO DEFINIDO
QUIMICA GONCAL,CLORTEX,7501042301771,CLORTEX AROMA LAVANDA BOT PLAS 3750ML NAL 7501042301771,1,LIQUIDO,CLORO,CLORO,NO DEFINIDO
QUIMICA GONCAL,CLORTEX,7501042301788,CLORTEX AROMA MANZANA VERDE BOT PLAS 3750ML NAL 7501042301788,1,LIQUIDO,CLORO,CLORO,NO DEFINIDO
LA JAPONESA,LA JAPONESA,7501042302556,LA JAPONESA BLANQUEADOR BOT PLAST 150GR NAL 7501042302556,1,POLVO,CLORO,CLORO,NO DEFINIDO
QUIMICA GONCAL,CLORO 10,7501042304604,CLORO 10 BOTELLA  950 ML 7501042304604,1,LIQUIDO,CLORO,CLORO,OTR. TIPOS
QUIMICA GONCAL,CLORO 10,7501042304611,CLORO 10 BOTELLA 3900 ML NAL. 7501042304611,1,LIQUIDO,CLORO,CLORO,OTR. TIPOS
QUIMICA GONCAL,CLORTEX,7501042305762,CLORTEX BLANQUEADOR CONCENTRADO BOTELLA PLA 2.84 LT NAL 7501042305762,1,LIQUIDO,CLORO,CLORO,OTR. TIPOS
QUIMICA GONCAL,CLORTEX,7501042306561,CLORTEX BLANQUEADOR MASCOTAS BOTELLA 3.75 LT 7501042306561,1,LIQUIDO,CLORO,CLORO,MASCOTAS
RECKITT,VANISH PODER 02,7501058712745,VANISH SUPER BARRA ROSA 20%MAS=81GR 7501058712745,1,BARRA,SAFE BLEACH,FABRIC TREATMENT,ROSA
RECKITT,VANISH,7501058712813,VANISH OXI ACTION QUITAMANCHAS P/ROPA BOTE 240G 7501058712813,1,POLVO,SAFE BLEACH,FABRIC TREATMENT,ROSA
RECKITT,VANISH,7501058713780,VANISH OXI ACTION ROSA QUITA MANCHAS PARA LA ROPA BOT 150GR 7501058713780,1,POLVO,SAFE BLEACH,FABRIC TREATMENT,ROSA
RECKITT,VANISH,7501058714596,VANISH SUPER BARRA QUITA MANCHAS 68GR 7501058714596,1,BARRA,SAFE BLEACH,FABRIC TREATMENT,ROSA
RECKITT,VANISH PODER 02,7501058714909,VANISH OXI ACTION ROSA QUITA MANCHAS PACK 2 BOT 450GR C/U 7501058714909,1,POLVO,SAFE BLEACH,FABRIC TREATMENT,ROSA
RECKITT,VANISH PODER 02,7501058714954,VANISH CRISTAL WHITE SUPER BARRA 20%MAS=81G 7501058714954,1,BARRA,SAFE BLEACH,FABRIC TREATMENT,BLANCO
RECKITT,VANISH,7501058715012,VANISH OXI ACTION CRISTAL WHITE BOT 150GR 7501058715012,1,POLVO,SAFE BLEACH,FABRIC TREATMENT,BLANCO
RECKITT,VANISH,7501058715029,VANISH MULTIUSOS REMOVEDOR S/CLORO DE MANCHAS DOYPACK 500ML 7501058715029,1,LIQUIDO,SAFE BLEACH,FABRIC TREATMENT,ROSA
RECKITT,VANISH,7501058715036,VANISH WHITE QUITAMANCHAS Y BLANQ.S/CLORO DOYPACK 500ML 7501058715036,1,LIQUIDO,SAFE BLEACH,FABRIC TREATMENT,BLANCO
RECKITT,VANISH,7501058715098,VANISH OXI ACTION QUITA MANCHAS BOT 240GR 7501058715098,1,POLVO,SAFE BLEACH,FABRIC TREATMENT,BLANCO
RECKITT,VANISH,7501058715364,VANISH MULTIUSOS REMOV S/CLORO MANCHAS BOT 420ML 7501058715364,1,LIQUIDO,SAFE BLEACH,FABRIC TREATMENT,ROSA
RECKITT,VANISH,7501058715432,VANISH ROSA LIQ. DOYPACK 100ML 7501058715432,1,LIQUIDO,SAFE BLEACH,FABRIC TREATMENT,ROSA
RECKITT,VANISH,7501058715531,VANISH COLOR QUITAMANCHAS GEL DOYPACK 150ML 7501058715531,1,GEL,SAFE BLEACH,FABRIC TREATMENT,ROSA
RECKITT,VANISH,7501058715883,VANISH OXI ACTION GOLD QUITAMANCHAS BOLSA 1.8KG 7501058715883,1,POLVO,SAFE BLEACH,FABRIC TREATMENT,ROSA
RECKITT,VANISH,7501058715890,VANISH OXI ACTION CRISTAL WHITE BOLSA 1.8KG 7501058715890,1,POLVO,SAFE BLEACH,FABRIC TREATMENT,BLANCO
RECKITT,VANISH PODER 02,7501058716040,VANISH SUPER BARRA GOLD QUITAMA C/ENZIMA 2PZAS 68GRC/U=136GR 7501058716040,1,BARRA,SAFE BLEACH,FABRIC TREATMENT,ROSA
RECKITT,VANISH,7501058716064,VANISH OXI ACTION ROSA QUITA/MANCHAS P/ROPA BOT 810GR 7501058716064,1,POLVO,SAFE BLEACH,FABRIC TREATMENT,ROSA
RECKITT,VANISH,7501058716071,VANISH OXI ACTION CRISTAL WHITE QUITAMANCHAS P/ROPA BOT810GR 7501058716071,1,POLVO,SAFE BLEACH,FABRIC TREATMENT,BLANCO
RECKITT,VANISH,7501058716088,VANISH ROSA MULTIUSO REMOVEDOR SIN CLORO DE MANCHAS BOT3.6LT 7501058716088,1,LIQUIDO,SAFE BLEACH,FABRIC TREATMENT,ROSA
RECKITT,VANISH,7501058716095,VANISH WHITE LIQUIDO QUITAMANCHAS+BLANQ S/CLORO BOT 3.6LT 7501058716095,1,LIQUIDO,SAFE BLEACH,FABRIC TREATMENT,BLANCO
RECKITT,VANISH,7501058716422,VANISH OXI ACTION GOLD QUITAMANCHA AHORRO DEL 30% BOT 400GR 7501058716422,1,POLVO,SAFE BLEACH,FABRIC TREATMENT,ROSA
RECKITT,VANISH,7501058716439,VANISH OXI ACTION GOLD QUITAMANCHAS AHORRO DEL 25% BOT 500GR 7501058716439,1,POLVO,SAFE BLEACH,FABRIC TREATMENT,ROSA
RECKITT,VANISH,7501058716446,VANISH OXI ACTION CRISTAL WHITE AHORRO DEL 25% BOT 500GR 7501058716446,1,POLVO,SAFE BLEACH,FABRIC TREATMENT,BLANCO
RECKITT,VANISH,7501058716453,VANISH MULTIUSOS ROSA REMOV/MAN SUPER AHORRO DEL30% BOT1.5LT 7501058716453,1,LIQUIDO,SAFE BLEACH,FABRIC TREATMENT,ROSA
RECKITT,VANISH,7501058716477,VANISH MULTIUSOS REMOVEDOR D/MANCHAS 25%GRATIS DOYPACK 650ML 7501058716477,1,LIQUIDO,SAFE BLEACH,FABRIC TREATMENT,ROSA
RECKITT,VANISH,7501058716767,VANISH ROSA QUITAMANCHAS GEL BOT 3.8 LT PROM ESP 7501058716767,1,GEL,SAFE BLEACH,FABRIC TREATMENT,ROSA
RECKITT,VANISH,7501058716798,VANISH CRYSTAL WHITE QUITAMANCHAS GEL BOT 3.8 LT PROM ESP 7501058716798,1,GEL,SAFE BLEACH,FABRIC TREATMENT,BLANCO
RECKITT,VANISH,7501058716804,VANISH OXY ACTION ROSA PRELAVADOR PARA ROPA DOYPACK 500ML 7501058716804,1,LIQUIDO,PRELAVADOR,FABRIC TREATMENT,ROSA
RECKITT,VANISH,7501058717009,VANISH OXI ACTION ROSA QUITAMANCHAS BOT 120GR 7501058717009,1,POLVO,SAFE BLEACH,FABRIC TREATMENT,ROSA
RECKITT,VANISH,7501058717016,VANISH OXI ACTION CRISTAL WHITE BOT 120 GR 7501058717016,1,POLVO,SAFE BLEACH,FABRIC TREATMENT,BLANCO
RECKITT,VANISH,7501058717023,VANISH ROSA QUITAMANCHAS GEL MULTIUSOS POUCH 450 ML 7501058717023,1,GEL,SAFE BLEACH,FABRIC TREATMENT,ROSA
RECKITT,VANISH,7501058717030,VANISH CRYSTAL WHITE QUITAMANCHAS GEL POUCH 450 ML 7501058717030,1,GEL,SAFE BLEACH,FABRIC TREATMENT,BLANCO
RECKITT,LYSOL,7501058717115,LYSOL CRISP LINEN SANITIZANTE DE ROPA BOT 1 LT 7501058717115,1,LIQUIDO,SANITIZANTE,SANITIZANTE,SANITIZANTE
RECKITT,LYSOL,7501058717122,LYSOL SANITIZANTE DE ROPA CRISP LINEN BOT 2 LT 7501058717122,1,LIQUIDO,SANITIZANTE,SANITIZANTE,SANITIZANTE
RECKITT,LYSOL,7501058717252,LYSOL SANITIZANTE DE ROPA CRISP LINEN SCENT POUCH 500 ML 7501058717252,1,LIQUIDO,SANITIZANTE,SANITIZANTE,SANITIZANTE
RECKITT,LYSOL,7501058717276,LYSOL SANITIZANTE DE ROPA SPORT BOTELLA 1.21 LT 7501058717276,1,LIQUIDO,SANITIZANTE,SANITIZANTE,SANITIZANTE
RECKITT,VANISH,7501058751188,VANISH WHITE REMOVEDOR DE MANCHAS BOT   1700 ML 7501058751188,1,LIQUIDO,SAFE BLEACH,FABRIC TREATMENT,BLANCO
RECKITT,VANISH,7501058751195,VANISH WHITE BOTELLA 900 ML 7501058751195,1,LIQUIDO,SAFE BLEACH,FABRIC TREATMENT,BLANCO
RECKITT,VANISH,7501058751461,VANISH WHITE REMOVERD D/MANCHAS Y BLANQ.S/CLORO LIQ.BOT4000M 7501058751461,1,LIQUIDO,SAFE BLEACH,FABRIC TREATMENT,BLANCO
RECKITT,VANISH,7501058752772,VANISH PINK DESMANCHADOR LIQ. BOTELLA 450 ML NAL 7501058752772,1,LIQUIDO,SAFE BLEACH,FABRIC TREATMENT,ROSA
RECKITT,VANISH,7501058753199,VANISH EXTRA-HIGIENE BOLSA 600 ML DOYPACK 7501058753199,1,LIQUIDO,SAFE BLEACH,FABRIC TREATMENT,ROSA
RECKITT,VANISH,7501058753205,VANISH EXTRA-HIGIENE BOTELLA PLASTICO 900 ML 7501058753205,1,LIQUIDO,SAFE BLEACH,FABRIC TREATMENT,ROSA
RECKITT,VANISH PODER 02,7501058753212,VANISH EXTRA-HIGIENE PODER 02 BOTE 420GR 7501058753212,1,POLVO,SAFE BLEACH,FABRIC TREATMENT,ROSA
RECKITT,VANISH,7501058753304,VANISH EXTRA-HIGIENE PODER 02 BOTE 870GR 7501058753304,1,POLVO,SAFE BLEACH,FABRIC TREATMENT,ROSA
RECKITT,VANISH,7501058753328,VANISH ROSA ROPA COLOR LIQ.S/CLORO ROPA FLEXIPACK 250ML NAL 7501058753328,1,LIQUIDO,SAFE BLEACH,FABRIC TREATMENT,ROSA
RECKITT,VANISH,7501058753441,VANISH PODER O2 DOYPACK 120 GR 7501058753441,1,POLVO,SAFE BLEACH,FABRIC TREATMENT,ROSA
RECKITT,VANISH,7501058753458,VANISH PODER O2 CRYSTAL WHITE DOYPACK 120 GR 7501058753458,1,POLVO,SAFE BLEACH,FABRIC TREATMENT,BLANCO
RECKITT,HARPIC,7501058755834,HARPIC ULTRA CLORO GEL CITRUS BOT 650ML 7501058755834,1,GEL,CLORO,CLORO,MULTIUSOS
RECKITT,HARPIC,7501058755841,HARPIC ULTRA CLORO GEL FRESH BOT 650ML 7501058755841,1,GEL,CLORO,CLORO,MULTIUSOS
RECKITT,VANISH,7501058757449,VANISH PODER02 CRYSTAL WHITE S/C PVO. ROPA TARRO PLAST.900GR 7501058757449,1,POLVO,SAFE BLEACH,FABRIC TREATMENT,BLANCO
RECKITT,VANISH,7501058757463,VANISH WHITE LIQ REMOVEDOR DE MANCHAS BOT 435ML NAL 7501058757463,1,LIQUIDO,SAFE BLEACH,FABRIC TREATMENT,BLANCO
RECKITT,VANISH,7501058757548,VANISH ROSA COLOR LIQ. DOYPACK 650ML NAL 7501058757548,1,LIQUIDO,SAFE BLEACH,FABRIC TREATMENT,ROSA
RECKITT,VANISH,7501058757555,VANISH WHITE LIQUIDO DOY PACK 600ML NAL 7501058757555,1,LIQUIDO,SAFE BLEACH,FABRIC TREATMENT,BLANCO
RECKITT,VANISH,7501058757630,VANISH PODER O2 PRE-LAVADOR BOT.ATOM. 650 ML NAL 7501058757630,1,LIQUIDO,PRELAVADOR,FABRIC TREATMENT,ROSA
RECKITT,VANISH,7501058757647,VANISH PODER O2 PRE LAVADOR BOT.REP. 650 ML 7501058757647,1,LIQUIDO,PRELAVADOR,FABRIC TREATMENT,ROSA
RECKITT,VANISH PODER 02,7501058757722,9VANISH PODER O2 BOTE  500 GR IMP 7501058757722,1,POLVO,SAFE BLEACH,FABRIC TREATMENT,ROSA
RECKITT,VANISH PODER 02,7501058757753,VANISH PODER O2 REMOVEDOR DE MANCHAS BOT 1000 GR NAL 7501058757753,1,POLVO,SAFE BLEACH,FABRIC TREATMENT,ROSA
RECKITT,VANISH,7501058757791,VANISH BOT. 4000 ML. 7501058757791,1,LIQUIDO,SAFE BLEACH,FABRIC TREATMENT,ROSA
RECKITT,VANISH,7501058757807,VANISH MAX REMOVEDOR DE MANCHAS ROPA BOLSA 445ML NAL 7501058757807,1,LIQUIDO,SAFE BLEACH,FABRIC TREATMENT,ROSA
RECKITT,VANISH,7501058757838,VANISH PODER O2 GEL BOTELLA   500 ML 7501058757838,1,GEL,SAFE BLEACH,FABRIC TREATMENT,ROSA
RECKITT,VANISH,7501058757883BP1,VANISH LIQUIDO SIN AROMA GARRAFON 6 LTS NAL. 7501058757883BP1,1,LIQUIDO,SAFE BLEACH,FABRIC TREATMENT,ROSA
RECKITT,VANISH,7501058757890,VANISH PODER O2 CRYSTAL WHITE BOTE 450  GR 7501058757890,1,POLVO,SAFE BLEACH,FABRIC TREATMENT,BLANCO
RECKITT,VANISH,7501058757906,VANISH PODER O2 CRYSTAL WHITE BOTE 1000 GR 7501058757906,1,POLVO,SAFE BLEACH,FABRIC TREATMENT,BLANCO
RECKITT,VANISH,7501058780195,VANISH LIQUIDO GARRAFON 8LT 7501058780195,1,LIQUIDO,SAFE BLEACH,FABRIC TREATMENT,ROSA
RECKITT,VANISH,7501058780201,VANISH MULTIUSOS REMOV MANCHAS ROPA COLOR/BLANCA GARRAF 9LT 7501058780201,1,LIQUIDO,SAFE BLEACH,FABRIC TREATMENT,BLANCO
RECKITT,VANISH,7501058780409BP1,VANISH MAX ROSA DOYPACK 650ML+MM WHITE DOYPACK 600ML NAL 7501058780409BP1,1,LIQUIDO,SAFE BLEACH,FABRIC TREATMENT,ROSA
RECKITT,VANISH,7501058782694BP1,VANISH OXI ACTION QUITAMANCHAS BOT 450G C/GMM BOT 150GR 7501058782694BP1,1,POLVO,SAFE BLEACH,FABRIC TREATMENT,ROSA
RECKITT,VANISH CRYSTAL WHITE,7501058783332BP2,VANISH ROSA BOTE 450GR + MM WHITE BOTE 450GR NAL 7501058783332BP2,1,POLVO,SAFE BLEACH,FABRIC TREATMENT,ROSA
RECKITT,VANISH PODER 02,7501058783349BP1,VANISH PODER O2 CRYSTAL WHITE BOT 900ML+MM ROSA PVO.BOT900GR 7501058783349BP1,1,POLVO,SAFE BLEACH,FABRIC TREATMENT,BLANCO
RECKITT,VANISH,7501058784346,VANISH PODER 02 INTELLIGENCE POLVO BOT 900 GR NAL 7501058784346,1,POLVO,SAFE BLEACH,FABRIC TREATMENT,ROSA
RECKITT,VANISH,7501058784353,VANISH INTELLIGENCE POLVO BOTE 450 GR NAL 7501058784353,1,POLVO,SAFE BLEACH,FABRIC TREATMENT,ROSA
RECKITT,VANISH EXTRA HIGIENE,7501058784575,VANISH EXTRA-HIGIENE BOT 4 LT NAL 7501058784575,1,LIQUIDO,SAFE BLEACH,FABRIC TREATMENT,ROSA
RECKITT,VANISH,7501058784889,VANISH MAX 3 BOT 925ML C /U=2775ML LLEVA 3 PAGA LA MITAD 7501058784889,1,LIQUIDO,SAFE BLEACH,FABRIC TREATMENT,ROSA
RECKITT,VANISH PODER 02,7501058785688,VANISH PODER O2 INTELLIGENCE G/33% BOTE PLAST 420GR 7501058785688,1,POLVO,SAFE BLEACH,FABRIC TREATMENT,ROSA
RECKITT,VANISH CRYSTAL WHITE,7501058785695,VANISH PODER O2 INTELIGENTE CRYSTAL WHITE G/33% BOTE 380GR 7501058785695,1,POLVO,SAFE BLEACH,FABRIC TREATMENT,BLANCO
RECKITT,VANISH,7501058786043,VANISH PODER O2 BOTE 200 GR 7501058786043,1,POLVO,SAFE BLEACH,FABRIC TREATMENT,ROSA
RECKITT,VANISH,7501058786050,VANISH QUIT.MAN. BOT 1750 ML C/GMM PODER O2 BOTE 200 GR 7501058786050,1,LIQUIDO,SAFE BLEACH,FABRIC TREATMENT,ROSA
RECKITT,VANISH,7501058786357,VANISH QUITA MANCHAS BOT 1450 MLC/G300 ML=1750 ML NAL 7501058786357,1,LIQUIDO,SAFE BLEACH,FABRIC TREATMENT,ROSA
RECKITT,VANISH,7501058786548BP1,VANISH Q.MANCHAS S/CLOR BOT.ROS925ML+MMROPA WITHE S/CLORB900 7501058786548BP1,1,LIQUIDO,SAFE BLEACH,FABRIC TREATMENT,ROSA
RECKITT,VANISH,7501058787637,VANISH PODER O2 MAX BOTE 1000GRC/GMM BOT.ATOM 650ML 7501058787637,1,POLVO,SAFE BLEACH,FABRIC TREATMENT,ROSA
RECKITT,VANISH,7501058787965,VANISH MULTIUSOS DUOPACK ROSA QUITA MANCHAS 2BOT 450ML C/U 7501058787965,1,LIQUIDO,SAFE BLEACH,FABRIC TREATMENT,ROSA
RECKITT,VANISH,7501058788498,VANISH QUITA MANCHAS BOT 1750 ML C/GRATISPLANCHYTEX BOT650ML 7501058788498,1,LIQUIDO,SAFE BLEACH,FABRIC TREATMENT,ROSA
RECKITT,VANISH,7501058788931,VANISH MULTIUSOS DUOPACK ROSA QUITA MANCHAS 2BOT 925ML C/U 7501058788931,1,LIQUIDO,SAFE BLEACH,FABRIC TREATMENT,ROSA
RECKITT,VANISH,7501058789365,VANISH LÍQUIDO BOT. 1750 ML A PRECIO DE 1250 ML 7501058789365,1,LIQUIDO,SAFE BLEACH,FABRIC TREATMENT,ROSA
RECKITT,VANISH,7501058790415BP1,VANISH ROSA QUITAMANCHAS BOT 450 GR C/G MM BOT 240GR 7501058790415BP1,1,POLVO,SAFE BLEACH,FABRIC TREATMENT,ROSA
RECKITT,VANISH,7501058790422BP1,VANISH MULTIUSOS ROSA BOT 1.75LTC/G VANISH ROSA BOT 925ML 7501058790422BP1,1,LIQUIDO,SAFE BLEACH,FABRIC TREATMENT,ROSA
RECKITT,VANISH CRYSTAL WHITE,7501058790705BP2,VANISH CRYSTAL WHITE QUITAMANCHAS PACK BOT 450G C/MM BOT150G 7501058790705BP2,1,POLVO,SAFE BLEACH,FABRIC TREATMENT,BLANCO
RECKITT,VANISH CRYSTAL WHITE,7501058790712BP2,VANISH WHITE REMOVEDOR DE MANCHAS BOT1700MLC/GMM BOT 900ML 7501058790712BP2,1,LIQUIDO,SAFE BLEACH,FABRIC TREATMENT,BLANCO
RECKITT,VANISH,7501058790965,VANISH MULTIUSOS REMOV MAN S/CLORO BT4LTC/GPLANCHYTEXBT650ML 7501058790965,1,LIQUIDO,SAFE BLEACH,FABRIC TREATMENT,ROSA
RECKITT,VANISH PODER 02,7501058791443,VANISH OXI ACTION QUITAMANCHAS BOT900G C/GPLANCHYTEXBOT650ML 7501058791443,1,POLVO,SAFE BLEACH,FABRIC TREATMENT,ROSA
RECKITT,VANISH,7501058791474BP1,VANISH MULTIUSO PACK 2 BOT 925 MLC/U+VANISH WHITE BOT 900ML 7501058791474BP1,1,LIQUIDO,SAFE BLEACH,FABRIC TREATMENT,ROSA
RECKITT,VANISH,7501058791658BP1,VANISH OXIACTION CRISTAL WHITE BOTE 450GR C/GMM BOT 240 GR 7501058791658BP1,1,POLVO,SAFE BLEACH,FABRIC TREATMENT,BLANCO
RECKITT,VANISH,7501058792303,VANISH REMOVEDOR DE MANCHAS 2BTLLAS 6LT C/U =12LTS 7501058792303,1,LIQUIDO,SAFE BLEACH,FABRIC TREATMENT,ROSA
RECKITT,VANISH,7501058792778BP1,VANISHOXIACTIONROSABOTE900GR+MMCRYSTALWHITEDOYPACK120GRPVP 7501058792778BP1,1,POLVO,SAFE BLEACH,FABRIC TREATMENT,ROSA
RECKITT,VANISH,7501058792778BP2,VANISHOXIACTIONCRYSTALWHITEDOYPACK120GR+MMROSABOTE900GRPVP 7501058792778BP2,1,POLVO,SAFE BLEACH,FABRIC TREATMENT,BLANCO
RECKITT,VANISH,7501058792808BP1,VANISHOXIACTIONCRYSTALWHITEBOTE900GR+MMROSADOYPACK120GRPVP 7501058792808BP1,1,POLVO,SAFE BLEACH,FABRIC TREATMENT,BLANCO
RECKITT,VANISH,7501058792808BP2,VANISHOXIACTIONROSADOYPACK120GR+MMCRYSTALWHITEBOTE900GRPVP 7501058792808BP2,1,POLVO,SAFE BLEACH,FABRIC TREATMENT,ROSA
RECKITT,VANISH,7501058793898,VANISH ROSA MULTIUSOS REMOVEDOR MANC 3X2 BOT 925MLC/U=2775ML 7501058793898,1,LIQUIDO,SAFE BLEACH,FABRIC TREATMENT,ROSA
RECKITT,VANISH,7501058794949BP1,VANISH GEL ROSA BOT 4LT + MM CRYSTAL WHITE POUCH 600ML PVP 7501058794949BP1,1,GEL,SAFE BLEACH,FABRIC TREATMENT,ROSA
RECKITT,VANISH,7501058794949BP2,VANISH GEL CRYSTAL WHITE POUCH 600ML + MM ROSA BOT 4LT PVP 7501058794949BP2,1,GEL,SAFE BLEACH,FABRIC TREATMENT,BLANCO
RECKITT,VANISH,7501058794956BP1,VANISH GEL CRYSTAL WHITE BOT 4LT + MM ROSA POUCH 650ML PVP 7501058794956BP1,1,GEL,SAFE BLEACH,FABRIC TREATMENT,BLANCO
RECKITT,VANISH,7501058794956BP2,VANISH GEL ROSA POUCH 650ML + MM CRYSTAL WHITE BOT 4LT PVP 7501058794956BP2,1,GEL,SAFE BLEACH,FABRIC TREATMENT,ROSA
RECKITT,VANISH,7501058794963BP1,VANISHOXIACTIONGOLDROSABOT900GR+MMCRYSTALWHITEBOT150GR PVP 7501058794963BP1,1,POLVO,SAFE BLEACH,FABRIC TREATMENT,ROSA
RECKITT,VANISH,7501058794963BP2,VANISHOXIACTIONGOLDCRYSTALWHITEBOT150GR+MMROSABOT900GR PVP 7501058794963BP2,1,POLVO,SAFE BLEACH,FABRIC TREATMENT,BLANCO
RECKITT,VANISH,7501058794970BP1,VANISHOXIACTIONGOLDCRYSTALWHITEBOT900GR+MMROSABOT150GR PVP 7501058794970BP1,1,POLVO,SAFE BLEACH,FABRIC TREATMENT,BLANCO
RECKITT,VANISH,7501058794970BP2,VANISHOXIACTIONGOLDROSABOT150GR+MMCRYSTALWHITEBOT900GR PVP 7501058794970BP2,1,POLVO,SAFE BLEACH,FABRIC TREATMENT,ROSA
RECKITT,LYSOL,7501058795892,LYSOL SANITIZANTE DE ROPA CRISP LINEN BOT 1.2 LT 7501058795892,1,LIQUIDO,SANITIZANTE,SANITIZANTE,SANITIZANTE
RECKITT,LYSOL,7501058795908,LYSOL CRISP LINEN SANITIZANTE DE ROPA BOT 2.66 LT 7501058795908,1,LIQUIDO,SANITIZANTE,SANITIZANTE,SANITIZANTE
RECKITT,VANISH,7501058796578BP1,VANISH GEL MULTIUSO BOT 925ML+MM CRYSTAL WHITE GEL BOT 900ML 7501058796578BP1,1,GEL,SAFE BLEACH,FABRIC TREATMENT,ROSA
RECKITT,VANISH,7501058796578BP2,VANISH CRYSTAL WHITE GEL BOT 900ML+MM GEL MULTIUSO BOT 925ML 7501058796578BP2,1,GEL,SAFE BLEACH,FABRIC TREATMENT,BLANCO
RECKITT,VANISH,7501058796585,VANISH GEL MULTIUSO PROMO PACK 2 BOT 925 ML C/U=1.85 LT 7501058796585,1,GEL,SAFE BLEACH,FABRIC TREATMENT,ROSA
RECKITT,VANISH,7501058796837,VANISH SUPERBARRAGOLDC/ENZIMA SUPERPRECIO 2PZAS68GRC/U=136GR 7501058796837,1,BARRA,SAFE BLEACH,FABRIC TREATMENT,ROSA
RECKITT,VANISH,7501058796844,VANISH SUPER BARRA WHITE GOLD SUPERPRECIO 2PZAS68GRC/U=136GR 7501058796844,1,BARRA,SAFE BLEACH,FABRIC TREATMENT,BLANCO
RECKITT,VANISH,7501058796851,VANISH OXI ACTION GOLD SUPER BARRA JUMBO 110 GR 7501058796851,1,BARRA,SAFE BLEACH,FABRIC TREATMENT,ROSA
RECKITT,VANISH,7501058796868,VANISH OXI ACTION GOLD SUPER BARRA WHITE JUMBO 110 GR 7501058796868,1,BARRA,SAFE BLEACH,FABRIC TREATMENT,BLANCO
RECKITT,VANISH,7501058796950BP1,VANISHOXIACTIONROSAGELDOYPACK500ML+PLANCHYTEXBOTC/ATOM650ML 7501058796950BP1,1,GEL,SAFE BLEACH,FABRIC TREATMENT,ROSA
RECKITT,LYSOL,7501058797865BP2,LYSOL LAUNDRYSANITIZERPOUCH500M+MMDESINFCRISPLINENLAT354GPVP 7501058797865BP2,1,LIQUIDO,SANITIZANTE,SANITIZANTE,SANITIZANTE
RECKITT,VANISH,7501058799876,VANISH OXI ACTION GOLD QUITAMANCHAS SOBRE 30GR 7501058799876,1,POLVO,SAFE BLEACH,FABRIC TREATMENT,ROSA
CLOROX,CLOROX,7501071900105,CLOROX REGULAR CONCENTRADO BOTPLAST.225 ML 7501071900105,1,LIQUIDO,CLORO,CLORO,NO DEFINIDO
CLOROX,CLOROX,7501071900112,CLOROX REGULAR CONCENTRADO BOT PLAS 500 ML 7501071900112,1,LIQUIDO,CLORO,CLORO,NO DEFINIDO
CLOROX,CLOROX,7501071900129,CLOROX REGULAR CONCENTRADO BOTPLAST.930 ML 7501071900129,1,LIQUIDO,CLORO,CLORO,NO DEFINIDO
CLOROX,CLOROX,7501071900136,CLOROX REGULAR CONCENTRADO BOTPLAST.1890ML 7501071900136,1,LIQUIDO,CLORO,CLORO,NO DEFINIDO
CLOROX,CLOROX,7501071900143,CLOROX REGULAR CONCENTRADO BOTPLAST.3800ML 7501071900143,1,LIQUIDO,CLORO,CLORO,NO DEFINIDO
CLOROX,CLOROX,7501071900174,CLOROX LIMON 930 ML.NAL.      . 7501071900174,1,LIQUIDO,CLORO,CLORO,OTR. TIPOS
CLOROX,CLOROX,7501071900228,CLOROX FLORAL BOTELLA 930 ML. 7501071900228,1,LIQUIDO,CLORO,CLORO,NO DEFINIDO
CLOROX,CLOROX,7501071900242,CLOROX FLORAL BOTELLA 3800 ML. 7501071900242,1,LIQUIDO,CLORO,CLORO,NO DEFINIDO
CLOROX,CLOROX,7501071901393,CLOROX CONCENTRADO BLANQUEADOR BOT.PLAS 10000ML NAL 7501071901393,1,LIQUIDO,CLORO,CLORO,NO DEFINIDO
CLOROX,CLOROX,7501071901591,CLOROX BLANQUEADOR PARAISO TROPICAL 3800 ML NAL 7501071901591,1,LIQUIDO,,CLORO,
CLOROX,CLOROX,7501071901867,CLOROX MENTA FRESCA BOT.PLAS 930ML NAL 7501071901867,1,LIQUIDO,CLORO,CLORO,OTR. TIPOS
CLOROX,CLOROX,7501071901874,CLOROX MENTA FRESCA BOT.PLAS 3800ML NAL 7501071901874,1,LIQUIDO,CLORO,CLORO,OTR. TIPOS
CLOROX,CLOROX,7501071902055,CLOROX BOT.PLAS 3.8ML C/G POETT PRIMAVERA BOT PLAS 450ML 7501071902055,1,LIQUIDO,CLORO,CLORO,OTR. TIPOS
CLOROX,CLOROX,7501071902086,CLOROX ROPA COLOR BOT. 930 ML 7501071902086,1,LIQUIDO,SAFE BLEACH,FABRIC TREATMENT,PRE LAVADOR
CLOROX,CLOROX,7501071902093,CLOROX ROPA COLOR BOT. 1800 ML 7501071902093,1,LIQUIDO,SAFE BLEACH,FABRIC TREATMENT,PRE LAVADOR
CLOROX,CLOROX,7501071902109,CLOROX ROPA COLOR Q.MANCHAS LIQ. BOT. 3.8LT NAL 7501071902109,1,LIQUIDO,SAFE BLEACH,FABRIC TREATMENT,PRE LAVADOR
CLOROX,CLOROX,7501071902246,CLOROX ROPA BLANCA BOT PLAST 930ML 7501071902246,1,LIQUIDO,SAFE BLEACH,FABRIC TREATMENT,BLANCO
CLOROX,CLOROX,7501071902277,CLOROX ROPA BLANCA BOT PLAST  1800ML NAL 7501071902277,1,LIQUIDO,SAFE BLEACH,FABRIC TREATMENT,BLANCO
CLOROX,CLOROX,7501071902314,CLOROX ROPA COLOR BOT 500 ML 7501071902314,1,LIQUIDO,SAFE BLEACH,FABRIC TREATMENT,PRE LAVADOR
CLOROX,CLOROX,7501071902369,CLOROX BEBE BOT PLAST 930 ML NAL 7501071902369,1,LIQUIDO,CLORO,CLORO,ROPA BEBE
CLOROX,CLOROX,7501071902376,CLOROX BEBE BOT PLAST 1890 ML NAL 7501071902376,1,LIQUIDO,CLORO,CLORO,ROPA BEBE
CLOROX,CLOROX,7501071902475BP1,CLOROX ROPA BLANCA BOT 495 MLG/CMM CONCENTRA REG BOT 3800 ML 7501071902475BP1,1,LIQUIDO,SAFE BLEACH,FABRIC TREATMENT,ROPA BLANCA
CLOROX,CLOROX,7501071902475BP2,CLOROX CONCENTRAD REG BOT 3800ML C/GMM ROPA BLANCA 495ML NAL 7501071902475BP2,1,LIQUIDO,CLORO,CLORO,NO DEFINIDO
CLOROX,CLOROX,7501071902482,CLOROX ROPA COLOR BOT 1800 MLC/GMM ROPA BLANCA BOT 495 ML 7501071902482,1,LIQUIDO,SAFE BLEACH,FABRIC TREATMENT,ROPA COLOR
CLOROX,CLOROX,7501071902819,CLOROX BEBE BOT PALST 1890ML C/G POETT BEBE 450 ML 7501071902819,1,LIQUIDO,CLORO,CLORO,OTR. TIPOS
CLOROX,CLOROX,7501071902918BP2,CLOROX CONCENTRADO REG BOT PLAS 3800ML C/GMM DESENG 495ML NA 7501071902918BP2,1,LIQUIDO,CLORO,CLORO,NO DEFINIDO
CLOROX,CLOROX,7501071902932,CLOROX AROMA AIRE BOSQUE BOT PLAST 930ML NAL 7501071902932,1,LIQUIDO,CLORO,CLORO,OTR. TIPOS
CLOROX,CLOROX,7501071902949,CLOROX AROMA AIRE BOSQUE BOT PLAST 3800ML NAL 7501071902949,1,LIQUIDO,CLORO,CLORO,NO DEFINIDO
CLOROX,CLOROX,7501071902956,CLOROX BLANQUEADOR CONCENTRADO 5.8L NAL 7501071902956,1,LIQUIDO,CLORO,CLORO,NO DEFINIDO
CLOROX,CLOROX,7501071903038,CLOROX ROPA COLOR QUITAMANCHAS BOT 1800MC/MM R.COL BOT 500ML 7501071903038,1,LIQUIDO,SAFE BLEACH,FABRIC TREATMENT,PRE LAVADOR
CLOROX,CLOROX,7501071903304,CLOROX AROMA MAGIA FLORAL BOT PLAST 930ML NAL 7501071903304,1,LIQUIDO,CLORO,CLORO,NO DEFINIDO
CLOROX,CLOROX,7501071903311,CLOROX AROMA MAGIA FLORAL BOT PLAST 3800ML NAL 7501071903311,1,LIQUIDO,CLORO,CLORO,NO DEFINIDO
CLOROX,CLOROX,7501071903335,CLOROX AROMA MENTA FRESCA BOT PLAST 930ML NAL 7501071903335,1,LIQUIDO,CLORO,CLORO,NO DEFINIDO
CLOROX,CLOROX,7501071903342,CLOROX AROMA MENTA FRESCA BOT PLAST 3800ML NAL 7501071903342,1,LIQUIDO,CLORO,CLORO,NO DEFINIDO
CLOROX,CLOROX,7501071903359,CLOROX AROMA PUREZA CITRICA BOT PLAST 930ML NAL 7501071903359,1,LIQUIDO,CLORO,CLORO,NO DEFINIDO
CLOROX,CLOROX,7501071903366,CLOROX AROMA PUREZA CITRICA BOT PLAST 3800ML NAL 7501071903366,1,LIQUIDO,CLORO,CLORO,NO DEFINIDO
CLOROX,CLOROX,7501071903427,CLOROX AROMA MAGIA FLORAL BOT PLAST 500ML NAL 7501071903427,1,LIQUIDO,CLORO,CLORO,NO DEFINIDO
CLOROX,CLOROX,7501071903465,CLOROX ROPA COLOR BOT 930MLC/POETT ESPIRITU JOVEN BOT 900ML 7501071903465,1,LIQUIDO,SAFE BLEACH,FABRIC TREATMENT,ROSA
CLOROX,CLOROX,7501071903854,CLOROX AROMA MAGIA FLORAL BOT PLAS 1890 ML NAL 7501071903854,1,LIQUIDO,CLORO,CLORO,NO DEFINIDO
CLOROX,CLOROX,7501071903861,CLOROX PUREZA CITRICA BOT PLAS 1.89 LT 7501071903861,1,LIQUIDO,CLORO,CLORO,NO DEFINIDO
CLOROX,CLOROX,7501071903878,CLOROX COLORES VIVOS ALEGRIA FLORAL BOTE 930 ML 7501071903878,1,LIQUIDO,SAFE BLEACH,FABRIC TREATMENT,PRE LAVADOR
CLOROX,CLOROX,7501071903885,CLOROX ROPA COLOR ALEGRIA FLORAL  BOTELLA 1890 ML 7501071903885,1,LIQUIDO,SAFE BLEACH,FABRIC TREATMENT,PRE LAVADOR
CLOROX,CLOROX,7501071904103,CLOROX BLANCOS INTENSOS QUITAMANCHAS BOTELLA 930 ML 7501071904103,1,LIQUIDO,SAFE BLEACH,FABRIC TREATMENT,BLANCO
CLOROX,CLOROX,7501071904110,CLOROX BLANCOS INTENSOS QUITAMANCHAS BOTELLA 1.8 LT 7501071904110,1,LIQUIDO,SAFE BLEACH,FABRIC TREATMENT,BLANCO
CLOROX,CLOROX,7501071904349,CLOROX ROPA COLORES VIVOS OXIGENO ACTIVO GALON 3800ML NAL 7501071904349,1,LIQUIDO,SAFE BLEACH,FABRIC TREATMENT,ROPA COLOR
CLOROX,CLOROX,7501071904424,CLOROX ROPA COLOR ECONOPACK 730 ML 7501071904424,1,LIQUIDO,SAFE BLEACH,FABRIC TREATMENT,PRE LAVADOR
CLOROX,CLOROX,7501071904431,CLOROX ROPA COLOR BOLSA 500 ML NAL 7501071904431,1,LIQUIDO,SAFE BLEACH,FABRIC TREATMENT,PRE LAVADOR
CLOROX,CLOROX,7501071904448,CLOROX BLANCOS INTENSOS DOY PACK 730 ML 7501071904448,1,LIQUIDO,SAFE BLEACH,FABRIC TREATMENT,BLANCO
CLOROX,CLOROX,7501071905285,CLOROX POWER GEL LIMP MULTIU MAGIA FLORAL BOTE 500ML 7501071905285,1,GEL,CLORO,CLORO,MULTIUSOS
CLOROX,CLOROX,7501071905292,CLOROX POWER GEL LIMP MULTIU MAGIA FLORAL BOTE 930ML 7501071905292,1,GEL,CLORO,CLORO,MULTIUSOS
CLOROX,CLOROX,7501071905339,CLOROX POWER GEL MULTIU ORIGINAL BOTE 500ML 7501071905339,1,GEL,CLORO,CLORO,MULTIUSOS
CLOROX,CLOROX,7501071905346,CLOROX POWER GEL LIMP MULTIU BOTE 930ML 7501071905346,1,GEL,CLORO,CLORO,MULTIUSOS
CLOROX,CLOROX,7501071905537,CLOROX BLANQUEADOR TOTAL AIRES DE NAVIDAD BOT 1.89LT 7501071905537,1,LIQUIDO,CLORO,CLORO,NO DEFINIDO
CLOROX,CLOROX,7501071905551,CLOROX REG CONCENTRADO 20% GRATIS BOTE 1.89LT NAL 7501071905551,1,LIQUIDO,CLORO,CLORO,NO DEFINIDO
CLOROX,CLOROX,7501071905759,CLOROX POWER GEL CLORO+LIMP COCINAYBANOS MENTA FRESCA BT500M 7501071905759,1,GEL,CLORO,CLORO,MULTIUSOS
CLOROX,CLOROX,7501071905766,CLOROX POWER GEL CLORO+LIMP COCINAYBANOS MENTA FRESCA BT930M 7501071905766,1,GEL,CLORO,CLORO,MULTIUSOS
CLOROX,CLOROX,7501071906701,CLOROX BLANCOS BRILLANTES QUITAMANCHAS POUCH 730 ML 7501071906701,1,LIQUIDO,SAFE BLEACH,FABRIC TREATMENT,BLANCO
CLOROX,CLOROX,7501071906718,CLOROX BLANCOS BRILLANTES QUITAMANCHAS BOTELLA 930 ML 7501071906718,1,LIQUIDO,SAFE BLEACH,FABRIC TREATMENT,BLANCO
CLOROX,CLOROX,7501071906725,CLOROX BLANCOS INTENSOS BOT. PLAST 1890 ML NAL 7501071906725,1,LIQUIDO,SAFE BLEACH,FABRIC TREATMENT,BLANCO
CLOROX,CLOROX,7501071906800,CLOROX ROPA COLOR DUO PACK BOTELLA 930ML C/U = 1860ML 7501071906800,1,LIQUIDO,SAFE BLEACH,FABRIC TREATMENT,PRE LAVADOR
CLOROX,CLOROX,7501071906879BP1,CLOROXROPACOLORESVIVBOT1.89LTC/GMMBLANCOSBRILLANTPOUCH500ML 7501071906879BP1,1,LIQUIDO,SAFE BLEACH,FABRIC TREATMENT,PRE LAVADOR
CLOROX,CLOROX,7501071906879BP2,CLOROXBLANCOSBRILLANTPOUCH500MLG/CMMROPACOLORESVIVBOT1.89LT 7501071906879BP2,1,LIQUIDO,SAFE BLEACH,FABRIC TREATMENT,BLANCO
CLOROX,CLOROX,7501071907074,CLOROX  BLANCOS BRILLANTES QUITAMANCHAS POUCH 500ML 7501071907074,1,LIQUIDO,SAFE BLEACH,FABRIC TREATMENT,BLANCO
CLOROX,CLOROX,7501071907197,CLOROX MASCOTAS BLANQUEADOR+DETERGENTE GALON 10L 7501071907197,1,LIQUIDO,CLORO,CLORO,MASCOTAS
CLOROX,CLOROX,7501071907227BP1,CLOROXBLANCOSBRILLANTESBOT930ML+MMCOLORESVIVOSBOT930MLPVP 7501071907227BP1,1,LIQUIDO,SAFE BLEACH,FABRIC TREATMENT,ROPA BLANCA
CLOROX,CLOROX,7501071907227BP2,CLOROXCOLORESVIVOSBOT930ML+MMBLANCOSBRILLANTESBOT930MLPVP 7501071907227BP2,1,LIQUIDO,SAFE BLEACH,FABRIC TREATMENT,ROPA COLOR
CLOROX,CLOROX,7501071907401,CLOROX MASCOTAS CLORO DESINFECT C/DETERGENTE BP 930ML 7501071907401,1,LIQUIDO,CLORO,CLORO,MASCOTAS
CLOROX,CLOROX,7501071907425,CLOROX MASCOTAS CLORO DESINFECTANTE C/DETERGENTE GARRF 3.8L 7501071907425,1,LIQUIDO,CLORO,CLORO,MASCOTAS
CLOROX,CLOROX,7501071907517,CLOROX TRIPLE ACCION BLANQUEADOR PUREZA CITRICA GALON 10L 7501071907517,1,LIQUIDO,CLORO,CLORO,NO DEFINIDO
CLOROX,CLOROX,7501071907654,CLOROX ANTISPLASH BLANQUEADOR+DETERGENTE GEL BP 500ML 7501071907654,1,GEL,CLORO,CLORO,MULTIUSOS
CLOROX,CLOROX,7501071907661,CLOROX ANTISPLASH BLANQUEADOR+DETRG GEL BP 930ML 7501071907661,1,GEL,CLORO,CLORO,MULTIUSOS
CLOROX,CLOROX,7501071907692,CLOROX ANTISPLASH GEL BLANQUEADOR+ DETERGENTE BP 1890ML 7501071907692,1,GEL,CLORO,CLORO,MULTIUSOS
CLOROX,CLOROX,7501071907715,CLOROX ANTISPLASH GEL BLANQ+DETERG MAGIA FLORAL BP 930ML 7501071907715,1,GEL,CLORO,CLORO,MULTIUSOS
CLOROX,CLOROX,7501071907722,CLOROX ANTISPLASH BLANQ+DET GEL FLORES DE LAVANDA BP 930ML 7501071907722,1,GEL,CLORO,CLORO,MULTIUSOS
CLOROX,CLOROX,7501071907784,CLOROX BLANQUEADOR PUREZA CITRICA GALON 10L 7501071907784,1,LIQUIDO,CLORO,CLORO,NO DEFINIDO
CLOROX,CLOROX,7501071908385,CLOROX ANTISPLASH BLANQ+DET GEL BP 3800ML 7501071908385,1,GEL,CLORO,CLORO,MULTIUSOS
CHURCH & DWIGHT,OXI CLEAN,7501080900134,OXI CLEAN QUITAMANCHAS VERSATIL SOBRE 220 GR 7501080900134,1,POLVO,SAFE BLEACH,FABRIC TREATMENT,PRE LAVADOR
CHURCH & DWIGHT,OXI CLEAN,7501080900141,OXI CLEAN QUITAMANCHAS VERSATIL SOBRE 420 GR 7501080900141,1,POLVO,SAFE BLEACH,FABRIC TREATMENT,PRE LAVADOR
CHURCH & DWIGHT,OXI CLEAN,7501080900158,OXI CLEAN QUITAMANCHAS VERSATIL SOBRE 860 GR 7501080900158,1,POLVO,SAFE BLEACH,FABRIC TREATMENT,PRE LAVADOR
CHURCH & DWIGHT,OXI CLEAN,7501080900165,OXI CLEAN QUITAMANCHAS VERSATIL SOBRE 110 GR 7501080900165,1,POLVO,SAFE BLEACH,FABRIC TREATMENT,PRE LAVADOR
CHURCH & DWIGHT,OXI CLEAN,7501080900585,OXI CLEAN SANITIZER QUITAMANCHAS ROPA AROMA FRESCO BOT1.13KG 7501080900585,1,POLVO,PRELAVADOR,FABRIC TREATMENT,PRE LAVADOR
CHURCH & DWIGHT,OXI CLEAN,7501080952386,OXICLEAN GEL REMOVEDOR DE MANCHAS LIQ BOT 1.6 LT 7501080952386,1,GEL,SAFE BLEACH,FABRIC TREATMENT,PRE LAVADOR
CHURCH & DWIGHT,OXI CLEAN,7501080952973,OXICLEAN POLVO BOTE 420 GR 7501080952973,1,POLVO,SAFE BLEACH,FABRIC TREATMENT,PRE LAVADOR
CHURCH & DWIGHT,OXI CLEAN,7501080952980,OXICLEAN POLVO BOTE 900GR +300GR= 1200 GR 7501080952980,1,POLVO,SAFE BLEACH,FABRIC TREATMENT,PRE LAVADOR
CHURCH & DWIGHT,OXI CLEAN,7501080952997,OXICLEAN POLVO BOTE 2.27 KG 7501080952997,1,POLVO,SAFE BLEACH,FABRIC TREATMENT,PRE LAVADOR
CHURCH & DWIGHT,OXI CLEAN,7501080954786,OXI CLEAN ULTRA QUITAMANCHAS GEL BOL 200ML 7501080954786,1,GEL,SAFE BLEACH,FABRIC TREATMENT,PRE LAVADOR
CHURCH & DWIGHT,OXI CLEAN,7501080954793,OXI CLEAN ULTRA QUITAMANCHAS GEL BOL 600ML 7501080954793,1,GEL,SAFE BLEACH,FABRIC TREATMENT,PRE LAVADOR
CHURCH & DWIGHT,OXI CLEAN,7501080955028,OXI CLEAN QUITAMANCHAS BOTE 2.27GR C/G CUBETA 7501080955028,1,POLVO,SAFE BLEACH,FABRIC TREATMENT,OTR. TIPOS
CHURCH & DWIGHT,OXI CLEAN,7501080955103,OXI CLEAN ULTRA QUITAMANCHAS GEL BOT PLAS 2LT 7501080955103,1,GEL,SAFE BLEACH,FABRIC TREATMENT,PRE LAVADOR
CHURCH & DWIGHT,OXI CLEAN,7501080955486,OXI CLEAN REMOVEDOR DE MANCHAS BOLSA 900ML 7501080955486,1,LIQUIDO,SAFE BLEACH,FABRIC TREATMENT,PRE LAVADOR
CHURCH & DWIGHT,OXI CLEAN,7501080955530,OXI CLEAN QUITAMANCHAS VERSATIL SOBRE 140GR 7501080955530,1,POLVO,SAFE BLEACH,FABRIC TREATMENT,PRE LAVADOR
CHURCH & DWIGHT,OXI CLEAN,7501080955554,OXI CLEAN QUITAMANCHASVERSATIL CAJA 2.770GR C/G 500GR=3270GR 7501080955554,1,POLVO,SAFE BLEACH,FABRIC TREATMENT,OTR. TIPOS
CHURCH & DWIGHT,OXI CLEAN,7501080955561BP1,OXICLEAN QUITAMAN VERSATIL BTE1.20KG C/G A&H DETER LIQ 900ML 7501080955561BP1,1,POLVO,SAFE BLEACH,FABRIC TREATMENT,OTR. TIPOS
CHURCH & DWIGHT,OXI CLEAN,7501080955721BP2,OXICLEAN ULT BOL200MG/CARM&HLIMPFRESBT4.65LG/CMMVERS SOB140G 7501080955721BP2,1,GEL,SAFE BLEACH,FABRIC TREATMENT,OTR. TIPOS
CHURCH & DWIGHT,OXI CLEAN,7501080955721BP3,OXICLEAN VERS SOB140GG/CARM&HLIMPFRESBT4.65LC/GMMULT BOL200M 7501080955721BP3,1,POLVO,SAFE BLEACH,FABRIC TREATMENT,OTR. TIPOS
CHURCH & DWIGHT,OXI CLEAN,7501080955776BP2,OXICLEAN ULT BOL900MLG/CARM&HAMMER LIMPIEZA FRESCA BOT4.65LT 7501080955776BP2,1,GEL,SAFE BLEACH,FABRIC TREATMENT,OTR. TIPOS
CHURCH & DWIGHT,OXI CLEAN,7501080955783BP2,OXICLEAN ULT BOL600MLG/CARM&HAMMER LIMPIEZA FLORAL BOT4.65LT 7501080955783BP2,1,GEL,SAFE BLEACH,FABRIC TREATMENT,OTR. TIPOS
CHURCH & DWIGHT,OXI CLEAN,7501080955899BP1,OXICLEANQUITAMANVERSATILBOTE1.2KGC/GSINMARCACEPILLOP/LAV1PZA 7501080955899BP1,1,POLVO,SAFE BLEACH,FABRIC TREATMENT,PRE LAVADOR
CLOROX,CLOROX,7501126570598,CLOROX  BLANQUEADOR LIQ. BOT 500ML +MM PINZAS P/ROPA NAL 7501126570598,1,LIQUIDO,CLORO,CLORO,NO DEFINIDO
INDS. ALEN,CLORALEX,7501205412122,CLORALEX AROMA CLORO LIQUIDO FLORAL BP 2L 7501205412122,1,LIQUIDO,CLORO,CLORO,NO DEFINIDO
BLANQUEADORA MEXICANA,LA VALENCIANA,7501268200001,LA VALENCIANA BOT.PLAST. 1000ML NAL. 7501268200001,1,LIQUIDO,CLORO,CLORO,NO DEFINIDO
BLANQUEADORA MEXICANA,LOS PATITOS,7501268200025,LOS PATITOS SUPER.CONCENT.BOTELLA 1000ML NAL. 7501268200025,1,LIQUIDO,CLORO,CLORO,NO DEFINIDO
BLANQUEADORA MEXICANA,LOS PATITOS,7501268200049,LOS PATITOS BLANQUEADOR REGULAR BOT PLAST 2 LT NAL 7501268200049,1,LIQUIDO,CLORO,CLORO,NO DEFINIDO
BLANQUEADORA MEXICANA,LOS PATITOS,7501268200070,LOS PATITOS BOT.PLAST. 4000 MLNAL. 7501268200070,1,LIQUIDO,CLORO,CLORO,NO DEFINIDO
BLANQUEADORA MEXICANA,LOS PATITOS,7501268200261,LOS PATITOS BLANQUEADOR REGULAR BOT PLAST 6LT NAL 7501268200261,1,LIQUIDO,CLORO,CLORO,NO DEFINIDO
BLANQUEADORA MEXICANA,LOS PATITOS,7501268200322,LOS PATITOS BLANQUEADOR REGULAR CONCENTRADO BOT 10LT NAL 7501268200322,1,LIQUIDO,CLORO,CLORO,OTR. TIPOS
BLANQUEADORA MEXICANA,LA VALENCIANA,7501268200339,LA VALENCIANA BLANQUEADOR REGULAR BOT PLAS 4000 ML 7501268200339,1,LIQUIDO,CLORO,CLORO,NO DEFINIDO
BLANQUEADORA MEXICANA,LA VALENCIANA,7501268200506,LA VALENCIANA BLANQUEADOR REGULAR BOT PLAS 2000 ML 7501268200506,1,LIQUIDO,CLORO,CLORO,NO DEFINIDO
BLANQUEADORA MEXICANA,LOS PATITOS,7501268200513,LOS PATITOS BLANQUEADOR P.ROPA BOT 920ML 7501268200513,1,LIQUIDO,CLORO,CLORO,NO DEFINIDO
JABONERA LA ESPUMA,BANDERA,7501681100018,BANDERA BLANQUEADOR LIMPIA DESEINFECTA BOT PLAS 960 ML 7501681100018,1,LIQUIDO,CLORO,CLORO,NO DEFINIDO
JABONERA LA ESPUMA,BANDERA,7501681100049,B'CLORHADA BLANQUEADOR CONCENTRADO BOT 960 ML 7501681100049,1,LIQUIDO,CLORO,CLORO,NO DEFINIDO
JABONERA LA ESPUMA,BANDERA,7501681100087,BANDERA BOT.PLAS 3800ML NAL 7501681100087,1,LIQUIDO,CLORO,CLORO,NO DEFINIDO
JABONERA LA ESPUMA,BANDERA,7501681100209,BANDERA BOT PLAST LAVANDA 3.8LT NAL 7501681100209,1,LIQUIDO,CLORO,CLORO,NO DEFINIDO
JABONERA LA ESPUMA,BANDERA,7501681100216,BANDERA BOT PLAST LIMON 3.8LT NAL 7501681100216,1,LIQUIDO,CLORO,CLORO,NO DEFINIDO
JABONERA LA ESPUMA,BANDERA,7501681100223,BANDERA CLORHADA BLANQUEADOR CONCENTRADO LIMON BOT 4LT 7501681100223,1,LIQUIDO,CLORO,CLORO,NO DEFINIDO
JABONERA LA ESPUMA,BANDERA,7501681100247,BANDERA AROMA LIMON BOT 2000 ML NAL 7501681100247,1,LIQUIDO,CLORO,CLORO,NO DEFINIDO
JABONERA LA ESPUMA,BANDERA,7501681100254,B'CLORHADA CLORO EN GEL+ DETERGENTE FLORAL BP 1LT NAL 7501681100254,1,GEL,CLORO,CLORO,MULTIUSOS
JABONERA LA ESPUMA,BANDERA,7501681100292,B'CLORHADA CLORO EN GEL+DETERGENTE FLORAL BOT 2LT NAL 7501681100292,1,GEL,CLORO,CLORO,MULTIUSOS
JABONERA LA ESPUMA,BANDERA,7501681100384,B'CLORHADA CLORO EN GEL + DETERGENTE FLORAL BOT 700ML NAL 7501681100384,1,GEL,CLORO,CLORO,MULTIUSOS
JABONERA LA ESPUMA,BANDERA,7501681100414,BANDERA CLORHADA BLANQUEADOR AROMA LIMON BOT PLAS 3.8 LT 7501681100414,1,LIQUIDO,CLORO,CLORO,NO DEFINIDO
JABONERA LA ESPUMA,BANDERA,7501681100421,BCLORHADA CLORO+DETERGENTE MASCOTAS BOTELLA 1 LT 7501681100421,1,LIQUIDO,CLORO,CLORO,MASCOTAS
JABONERA LA ESPUMA,BANDERA,7501681100438,BANDERA CLORHADA AROMA NAVIDENO BOT PLAS 3.8 LT 7501681100438,1,LIQUIDO,CLORO,CLORO,NO DEFINIDO
JABONERA LA ESPUMA,BANDERA,7501681100445,BANDERA CLORHADA FLORES EXOTICAS GARRAFON 3.8 L NAL 7501681100445,1,LIQUIDO,CLORO,CLORO,NO DEFINIDO
JABONERA LA ESPUMA,BANDERA,7501681100469,B'CLORHADA CLORO EN GEL+DETERGENTE BOTE 1LT 7501681100469,1,GEL,CLORO,CLORO,MULTIUSOS
JABONERA LA ESPUMA,BANDERA,7501681100513,B'CLORHADA CLORO EN GEL+DETERGENTE RELAXING CITRUS BP 1LT 7501681100513,1,GEL,CLORO,CLORO,MULTIUSOS
JABONERA LA ESPUMA,BANDERA,7501681100643BP1,B'CLORHADA CLORO GEL+DET BOT 1LT+MM BLANQ CONCENT BOT 960 ML 7501681100643BP1,1,GEL,CLORO,CLORO,MULTIUSOS
JABONERA LA ESPUMA,BANDERA,7501681100643BP2,B'CLORHADA BLANQ CONCENT BOT 960 ML+MM CLORO GEL+DET BOT 1LT 7501681100643BP2,1,LIQUIDO,CLORO,CLORO,NO DEFINIDO
JABONERA LA ESPUMA,BANDERA,7501681100650BP1,B'CLORHADA CLORO+DET MASCOT BOT 1 L+MM BLANQ CONC BOT 960 ML 7501681100650BP1,1,LIQUIDO,CLORO,CLORO,MASCOTAS
JABONERA LA ESPUMA,BANDERA,7501681100650BP2,B'CLORHADA BLANQ CONC BOT 960 ML+MM CLORO+DET MASCOT BOT 1 L 7501681100650BP2,1,LIQUIDO,CLORO,CLORO,NO DEFINIDO
JABONERA LA ESPUMA,BANDERA,7501681100674,BCLORHADA CLORO+DETERGENTE MASCOTAS BOTELLA 3.8LT 7501681100674,1,LIQUIDO,CLORO,CLORO,MASCOTAS
JABONERA LA ESPUMA,BANDERA,7501681100766,BANDERA CLORHADA CLORO CONCENTRADO SIN AROMA BOT 3.8LT 7501681100766,1,LIQUIDO,CLORO,CLORO,NO DEFINIDO
JABONERA LA ESPUMA,BANDERA,7501681100773,BANDERA CLORHADA CONCENTRADO BOT. PLAS 2000 ML NAL 7501681100773,1,LIQUIDO,CLORO,CLORO,NO DEFINIDO
JABONERA LA ESPUMA,BANDERA,7501681100810,BANDERA CLORHADA AROMA NAVIDENO BOT PLAS 5 LT 7501681100810,1,LIQUIDO,CLORO,CLORO,OTR. TIPOS
JABONERA LA ESPUMA,BANDERA,7501681101084,BANDERA CLORHADA BLAN REGULAR LIQUIDO BOTELLA 5000ML NAL 7501681101084,1,LIQUIDO,CLORO,CLORO,OTR. TIPOS
JABONERA LA ESPUMA,BCLORHADA,7501681101299,BCLORHADA CLORO GEL+DETERG AROMATERAPIA MAGIA NAVIDENA BP1LT 7501681101299,1,GEL,CLORO,CLORO,MULTIUSOS
OTHERS FABRICANTE UNIF.,OTHERS MARCA UNIF.,7502217411776,KLEEN CLORO BOTELLA 1000 ML NAL 7502217411776,1,LIQUIDO,,CLORO,
CLOROX,CLOROX,7502240947471BP4,CLOROXCLOROREG930M+MMTLTBWL709M+MMFIBESP1P+MMFIBVDE1P/GMMCAN 7502240947471BP4,1,LIQUIDO,CLORO,CLORO,OTR. TIPOS
CLOROX,CLOROX,7502240947488BP4,CLOROXCLORREG930M+MMCLEANUPAT946+MMFIBESP1+MMFIBVDE1/GMMCANS 7502240947488BP4,1,LIQUIDO,CLORO,CLORO,OTR. TIPOS
OTHERS FABRICANTE UNIF.,OTHERS MARCA UNIF.,7502267450312,STORM DESINFECTANTE Y BLANCURA BOTE DE 3.785 7502267450312,1,LIQUIDO,CLORO,CLORO,NO DEFINIDO
CHURCH & DWIGHT,OXI CLEAN,7502271940007,OXICLEAN QUITAM VERSATIL PREC/ESP ENV.PLAS 2 420GRC/U=840GR 7502271940007,1,POLVO,SAFE BLEACH,FABRIC TREATMENT,OTR. TIPOS
DELTA PRONATURA,DR.BECKMANN,7502275145897,DR BECKMANN OXI MAGIC PLUS QUITAMANCHAS BOTE 1KG 7502275145897,1,POLVO,SAFE BLEACH,FABRIC TREATMENT,PRE LAVADOR
OTHERS FABRICANTE UNIF.,OTHERS MARCA UNIF.,7502283280818,EXGERM DESINFECTANTE DE ROPA BOTELLA 1 LT 7502283280818,1,LIQUIDO,SANITIZANTE,SANITIZANTE,SANITIZANTE
OTHERS FABRICANTE UNIF.,OTHERS MARCA UNIF.,7503000256017,CLOROMAX BOT.PLAS 1000ML 7503000256017,1,LIQUIDO,CLORO,CLORO,NO DEFINIDO
RECKITT,VANISH,7503002319529,VANISH LIQUIDO BOTELLA 925ML  NAL. 7503002319529,1,LIQUIDO,SAFE BLEACH,FABRIC TREATMENT,ROSA
RECKITT,VANISH,7503002319536,VANISH LIQ. BOTELLA 1750ML NAL. 7503002319536,1,LIQUIDO,SAFE BLEACH,FABRIC TREATMENT,ROSA
RECKITT,VANISH,7503002319543,VANISH REMOVEDOR DE MANCHAS BOTELLA 450ML  NAL. 7503002319543,1,LIQUIDO,SAFE BLEACH,FABRIC TREATMENT,ROSA
OTHERS FABRICANTE UNIF.,OTHERS MARCA UNIF.,7503018718675,CRATER CLEAN CLORO BOT PLAS 3790ML NAL 7503018718675,1,LIQUIDO,CLORO,CLORO,OTR. TIPOS
OTHERS FABRICANTE UNIF.,OTHERS MARCA UNIF.,7503025939353,KUXTAL BIO BLANQUEADOR EN POLVO P/ROPA BOTE 500GR 7503025939353,1,POLVO,CLORO,CLORO,NO DEFINIDO
OTHERS FABRICANTE UNIF.,OTHERS MARCA UNIF.,7503031116083,MAS CLORO BLANQUEADOR BOT 1.89LT 7503031116083,1,LIQUIDO,CLORO,CLORO,NO DEFINIDO
OTHERS FABRICANTE UNIF.,OTHERS MARCA UNIF.,7503544040257,LA SILLA CLORO REGULAR GARRAFON 3.75 LT NAL 7503544040257,1,LIQUIDO,CLORO,CLORO,NO DEFINIDO
CLOROX,CLOROX,7702137007145,CLOROX ROPA COLORES ULTRA QUITAMANCHAS BOL 90GR 7702137007145,1,POLVO,SAFE BLEACH,FABRIC TREATMENT,ROPA COLOR
CLOROX,CLOROX,7702137007152,CLOROX ROPA BLANCOS ULTRA QUITAMANCHAS BOL 450GR 7702137007152,1,POLVO,SAFE BLEACH,FABRIC TREATMENT,BLANCO
CLOROX,CLOROX,7702137007169,CLOROX ROPA COLORES ULTRA QUITAMANCHAS BOL 450GR 7702137007169,1,POLVO,SAFE BLEACH,FABRIC TREATMENT,PRE LAVADOR
CLOROX,CLOROX,7702137007176,CLOROX ROPA BLANCOS ULTRA QUITAMANCHAS BOL 900GR 7702137007176,1,POLVO,SAFE BLEACH,FABRIC TREATMENT,BLANCO
CLOROX,CLOROX,7702137007183,CLOROX ROPA COLORES ULTRA QUITAMANCHAS BOL 900GR 7702137007183,1,POLVO,SAFE BLEACH,FABRIC TREATMENT,PRE LAVADOR
RECKITT,VANISH,7702626204208BP1,VANISH PODER 02 INTELIGENCE SIN CLORO SOBRE 30 G IMP 7702626204208BP1,1,POLVO,SAFE BLEACH,FABRIC TREATMENT,ROSA
RECKITT,VANISH,7702626213774,VANISH OXI ACTION ROSA QUITAMANCHAS DOYPACK 240 GR 7702626213774,1,POLVO,SAFE BLEACH,FABRIC TREATMENT,ROSA
RECKITT,VANISH,7702626213781,VANISH OXI ACTION CRISTAL WHITE DOYPACK 240 GR 7702626213781,1,POLVO,SAFE BLEACH,FABRIC TREATMENT,BLANCO
RECKITT,VANISH,7891035040191,VANISH QUITAMANCHAS PRELAVADOR BARRA 75GR 7891035040191,1,BARRA,SAFE BLEACH,FABRIC TREATMENT,ROSA
RECKITT,VANISH,7891035040276,VANISH SUPER BARRA WHITE QUITA MANCHAS 68GR 7891035040276,1,BARRA,SAFE BLEACH,FABRIC TREATMENT,BLANCO
IBERIA,IBERIA,8410907050053,IBERIA BLANCO NUCLEAR BLANQUEADOR REG CAJA 6SOB=120GR 8410907050053,1,POLVO,CLORO,CLORO,NO DEFINIDO
IBERIA,IBERIA,8411660040503,9IBERIA BLANQUEADOR POLVO 250 GR IMP 8411660040503,1,POLVO,,CLORO,
IBERIA,IBERIA,8411660210012,IBERIA REVOLUTION QUITA MANCHAS DIARIAS ROLL ON BOT 200 ML 8411660210012,1,LIQUIDO,SAFE BLEACH,FABRIC TREATMENT,PRE LAVADOR
IBERIA,IBERIA,8411660210029,IBERIA REVOLUTION QUITA MANCHAS RESISTENTES BOT PLAS 200ML 8411660210029,1,LIQUIDO,SAFE BLEACH,FABRIC TREATMENT,PRE LAVADOR
IBERIA,IBERIA,8411660210036,IBERIA REVOLUTION QUITA MANCHAS ACCIDENTALES BOT 150 ML 8411660210036,1,LIQUIDO,SAFE BLEACH,FABRIC TREATMENT,PRE LAVADOR
JABONERA LA ESPUMA,BCLORHADA,7501681101305BP1,BCLORHADA MASC DET DES C/CLOR1L+MM MASCHOGAR DET DESS/CLOR1L 7501681101305BP1,1,LIQUIDO,CLORO,CLORO,MASCOTAS
RECKITT,VANISH,7501058789778BP1,VANISH EXT HIGIENE REM MANCHAS GAL 4LT + VANISH WHITE 1LT 7501058789778BP1,1,LIQUIDO,SAFE BLEACH,FABRIC TREATMENT,ROSA
INDS. ALEN,CLORALEX,7501025412142,CLORALEX AROMAS BLANQUEADOR C/AROMA LAVANDA GARRAFA 10LTS 7501025412142,1,LIQUIDO,CLORO,CLORO,NO DEFINIDO
INDS. ALEN,CLORALEX,N/A,CLORALEX EL RENDIDOR BOT PLAST 2LT,1,LIQUIDO,CLORO,CLORO,NO DEFINIDO
CLOROX,CLOROX,N/A,CLOROX MASCOTAS BLANQUEADOR+DETERGENTE GALON 10L,1,LIQUIDO,CLORO,CLORO,MASCOTAS
CLOROX,CLOROX,7502240948188BP1,CLOROX BLANQ930M+MMBLANQINOD709M+MMFIBRAULTRA1P+MMCUBETA1P 7502240948188BP1,1,LIQUIDO,CLORO,CLORO,NO DEFINIDO
